"","Accn","C.score","Frag.score"
"1","GCA_000002595.3",99.01,0.26
"2","GCA_000090985.2",98.03,0.99
"3","GCA_000092065.1",97.37,1.38
"4","GCA_000143455.1",96.58,1.12
"5","GCA_000147415.1",92.36,3.09
"6","GCA_000151265.1",96.77,1.38
"7","GCA_000214015.2",98.29,0.39
"8","GCA_000258705.1",98.09,0.79
"9","GCA_000611645.1",73.14,18.24
"10","GCA_000690575.1",61.88,14.09
"11","GCA_000733215.1",93.81,2.37
"12","GCA_001247695.2",83.54,5.33
"13","GCA_001584585.1",91.64,5
"14","GCA_002158475.1",94.21,0.92
"15","GCA_002220235.1",96.51,0.92
"16","GCA_002245815.2",95.98,0.72
"17","GCA_002245835.2",97.5,0.59
"18","GCA_002284615.2",81.7,7.11
"19","GCA_002335675.1",97.24,0.66
"20","GCA_002891735.1",60.37,19.75
"21","GCA_003203535.1",96.12,1.18
"22","GCA_003709365.1",87.76,2.7
"23","GCA_007859695.1",91.44,0.46
"24","GCA_008636185.1",87.36,1.97
"25","GCA_011766145.1",40.16,16
"26","GCA_014080715.1",93.15,2.17
"27","GCA_014905635.1",90.19,0.46
"28","GCA_015473125.1",85.98,0.92
"29","GCA_016618255.1",82.49,2.5
"30","GCA_016834595.1",97.83,0.79
"31","GCA_016834605.1",95.92,1.97
"32","GCA_016858145.1",96.84,1.38
"33","GCA_019044685.2",96.45,0.39
"34","GCA_019202925.1",94.54,0.79
"35","GCA_019650175.1",89.27,0.92
"36","GCA_019650235.1",90.85,0.79
"37","GCA_019650255.1",90.65,0.53
"38","GCA_020887355.1",98.75,0.2
"39","GCA_021605115.1",83.15,3.42
"40","GCA_023205875.1",91.38,0.46
"41","GCA_023343905.1",98.95,0.26
"42","GCA_025026875.1",95.39,1.32
"43","GCA_025201885.1",96.38,0.86
"44","GCA_025209345.1",95.26,0.59
"45","GCA_025209375.1",95.39,0.66
"46","GCA_030144725.1",87.82,1.32
"47","GCA_030267485.1",97.3,0.26
"48","GCA_030267565.1",95.79,0.59
"49","GCA_030267705.1",96.12,0.2
"50","GCA_030268105.1",91.77,0.53
"51","GCA_030272055.1",94.87,1.32
"52","GCA_030272155.1",96.97,1.18
"53","GCA_030272585.1",95.33,0.33
"54","GCA_031763795.1",77.88,3.55
"55","GCA_034226045.1",25.54,0.33
"56","GCA_034226945.1",91.71,0.46
"57","GCA_038396805.1",91.24,0.33
"58","GCA_040144335.1",93.75,1.12
"59","GCA_040144355.1",95.59,0.46
"60","GCA_040144375.1",75.77,2.5
"61","GCA_040144395.1",96.91,0.99
"62","GCA_040144405.1",91.05,1.45
"63","GCA_040182555.1",95.46,0.99
"64","GCA_040206735.1",96.51,0.66
"65","GCA_040206745.1",94.34,1.91
"66","GCA_040206755.1",93.22,1.97
"67","GCA_040746505.1",88.08,1.51
"68","GCA_040746525.1",82.82,3.23
"69","GCA_045269255.1",93.22,1.45
"70","GCA_045269315.1",92.69,2.7
"71","GCA_905146915.1",64.52,2.76
"72","GCA_916048055.1",86.7,0.79
"73","GCA_963575595.1",96.51,0.86
"74","GCA_964019345.2",98.49,0.13
"75","GCA_964261555.1",98.09,0.33
"76","Acuobl2326",97.1,0.4
"77","Apalob2145",95.1,0.5
"78","Astgub1",83,3.4
"79","Astpho2",92.4,2
"80","Auxeprot1",93.8,2.4
"81","Auxpr25",88.4,2.8
"82","Batpra1",96.5,0.9
"83","Botrbrau1",81.7,5.9
"84","Caulen1",75,2.3
"85","Chleu1",97,0.6
"86","Chlin1",95.9,2
"87","ChloA99",90.1,2.4
"88","ChloDOE1412",91.1,0.7
"89","Chloso1228",94.8,1.3
"90","Chloso1230",96.8,0.7
"91","Chloso1602",97.3,0.6
"92","Chlpri1",91.3,0.5
"93","Chlre5",98.7,0.3
"94","ChlreiCC4532",99.5,0.1
"95","Chlremi1",92.8,1.8
"96","Chlsc1",97.8,0.8
"97","ChlUWO241",82.2,2.5
"98","Chrzof2",98.9,0.5
"99","Coprin2167",95.4,1
"100","Cosub3",99.5,0.1
"101","DesarB2533",88.4,2.8
"102","DesarSE107",93.1,1.7
"103","Dicre1",93.6,2.1
"104","Dunsal1",81.8,7
"105","Edade1",96.8,1.4
"106","Ellbil24580",93.5,1.1
"107","Enacos1",98.4,0.5
"108","Flerot1",98.6,0.3
"109","Gonpec1",91.6,5
"110","Haelac144",40.1,15.9
"111","Haeplu1",96.4,1.2
"112","Heli50920",61.8,13.8
"113","Limspi1",92.2,0.6
"114","Micco1",95,0.7
"115","BUSCO",99.1,0.3
"116","BUSCO",99.1,0.3
"117","MicrAD1",92.8,0.9
"118","MicrYARC1",82.7,5.5
"119","Monmin1",96.4,0.9
"120","Monneg1",73.1,18.2
"121","Myrbis2043",96.8,1
"122","Nandes2437",94.3,0.8
"123","Nandes2526",96.1,0.4
"124","Ostque1",64.4,2.8
"125","Ostta1115",94.2,0.9
"126","Ostta4221",98.3,0.4
"127","Pedmin1",89.5,1.8
"128","PedYPF701",86.6,0.8
"129","Pico",32.1,5.7
"130","Picre1",67.3,11.3
"131","Picsp",87,0.8
"132","Rapsub1",95.9,1.2
"133","Scedim1",97.2,0.7
"134","Sceob152z",95.2,1
"135","Sceobl1450",96.9,0.9
"136","Sceobl2630",96.3,1
"137","Sceobl393",96.7,0.7
"138","SceoblDOE13",96.3,0.7
"139","SceoblEN4",87.4,1.9
"140","Scesp",93.1,2.2
"141","ScespWC1",96.6,0.6
"142","Sob3031",89.6,1.2
"143","Sob3031",94.5,1.1
"144","SymretAf1",95.9,0.9
"145","SymretSc1",96.3,0.5
"146","SymretSp1",93.5,2.2
"147","SymretSw1",96.3,0.4
"148","TetrdesSNI2",96.4,1
"149","Tetrobl72",97.2,0.7
"150","Tetso1",58.2,18.2
"151","Tetstr1",93.2,1.1
"152","Treb6682",92,1.4
"153","Trebou4402",88,2.2
"154","Trebou4966",88.7,2
"155","Trebou978",91.6,0.5
"156","TrebouA12",85.5,1.7
"157","Ulvmu1",87.3,0.9
"158","Volafr1",89,0.9
"159","Volca2",95.4,1
"160","Volre3785",90.7,1
"161","Volre3786",90.4,0.7
"162","GCA_000001735.2",99.6,0.1
"163","GCA_000002775.4",99.3,0.2
"164","GCA_000003195.3",98.3,0.9
"165","GCA_000003745.2",90.8,4.8
"166","GCA_000004075.3",95.3,2.6
"167","GCA_000004255.1",96.3,1.3
"168","GCA_000004515.5",99.4,0.4
"169","GCA_000004655.2",91.4,4.5
"170","GCA_000005005.6",94.8,3.3
"171","GCA_000005425.2",73,9.9
"172","GCA_000005505.4",99.3,0.4
"173","GCA_000143415.2",76.9,5.9
"174","GCA_000149285.1",90.9,4.2
"175","GCA_000151685.2",92,4.6
"176","GCA_000211275.1",68,5.5
"177","GCA_000219495.2",96.8,0.8
"178","GCA_000263155.2",97.9,1.1
"179","GCA_000327365.2",98.4,1.1
"180","GCA_000331365.3",21.6,22
"181","GCA_000340665.2",89.9,5.5
"182","GCA_000346465.2",99.3,0.2
"183","GCA_000347455.1",55.5,14.7
"184","GCA_000375325.1",95.7,2.2
"185","GCA_000403535.1",99.4,0.2
"186","GCA_000414095.2",87.2,7.5
"187","GCA_000441915.1",70.5,16.2
"188","GCA_000471905.1",89.9,5.4
"189","GCA_000478725.1",98.2,0.9
"190","GCA_000493195.1",93.6,4.7
"191","GCA_000499845.2",98,1.4
"192","GCA_000504015.1",91.3,5.1
"193","GCA_000510995.2",94.1,4
"194","GCA_000511025.2",97.3,1.4
"195","GCA_000512255.2",86.5,5.7
"196","GCA_000583005.2",63.7,31.5
"197","GCA_000612305.2",93.9,3.4
"198","GCA_000695605.1",78.6,14.6
"199","GCA_000696525.1",91.8,4.5
"200","GCA_000708835.1",69.3,4.3
"201","GCA_000722935.2",90.3,4.6
"202","GCA_000733195.1",79.7,1.4
"203","GCA_000751015.1",79.6,1.9
"204","GCA_000763605.2",93.2,5.3
"205","GCA_000787975.1",71.5,4.4
"206","GCA_000801105.3",97.8,0.8
"207","GCA_000818735.3",25.2,22.4
"208","GCA_001185155.1",91.4,4.5
"209","GCA_001190045.1",83.9,7.9
"210","GCA_001411555.2",96.1,1.4
"211","GCA_001433935.1",79.7,9.2
"212","GCA_001531365.2",86.7,7
"213","GCA_001598015.1",77.9,5.5
"214","GCA_001605985.2",75.6,11.2
"215","GCA_001625215.2",99.1,0.4
"216","GCA_001633215.2",68.5,10
"217","GCA_001641455.1",80.3,4.5
"218","GCA_001651475.1",94.7,3.7
"219","GCA_001659605.2",99.6,0.3
"220","GCA_001661175.1",83,6.3
"221","GCA_001692995.2",79.5,5.4
"222","GCA_001742945.1",78.2,12.8
"223","GCA_001865875.1",92.7,3.7
"224","GCA_001876935.1",78.3,10.8
"225","GCA_001879085.1",92.6,3.5
"226","GCA_001884805.1",25,21.4
"227","GCA_001884845.1",25,22
"228","GCA_001972305.1",96.7,1.3
"229","GCA_001974805.1",88.4,4.3
"230","GCA_001974825.2",82.3,7.4
"231","GCA_002127325.2",97.1,1.4
"232","GCA_002174775.1",92.6,3
"233","GCA_002201585.1",84,4.1
"234","GCA_002211085.2",99.2,0.4
"235","GCA_002220415.3",98.8,0.1
"236","GCA_002271885.2",81.5,6.2
"237","GCA_002271895.2",79.9,8.6
"238","GCA_002738505.1",97.6,1.4
"239","GCA_002762385.1",79.1,9.3
"240","GCA_002786265.1",81.5,8.4
"241","GCA_002837095.1",73,19.3
"242","GCA_002870075.4",91.1,2.2
"243","GCA_002897195.1",92,4.6
"244","GCA_002906115.5",79.7,10.2
"245","GCA_002914805.1",92.9,5.4
"246","GCA_002914845.1",92.3,5.9
"247","GCA_002926015.1",80.6,8.1
"248","GCA_002928715.1",79.7,7.6
"249","GCA_002966975.2",80.7,7.9
"250","GCA_002994745.2",97.1,2
"251","GCA_003024255.1",94.4,2.5
"252","GCA_003032435.1",87.5,1.2
"253","GCA_003046395.2",94.8,2.2
"254","GCA_003061485.1",99.3,0.3
"255","GCA_003112345.1",90.5,2.8
"256","GCA_003185045.1",87.2,8.2
"257","GCA_003260385.1",84.9,2.3
"258","GCA_003260635.2",40.8,17.3
"259","GCA_003260655.2",71.9,8.2
"260","GCA_003260675.2",58.3,12.1
"261","GCA_003260695.2",40,17.5
"262","GCA_003370565.1",84,6.3
"263","GCA_003427395.1",48,9.5
"264","GCA_003434825.1",96.3,2
"265","GCA_003473485.2",97.3,2
"266","GCA_003490085.1",3.5,18.2
"267","GCA_003546025.1",87.5,3.7
"268","GCA_003573695.1",90.6,3
"269","GCA_003713155.1",96.3,0.4
"270","GCA_003952965.2",80.2,6.8
"271","GCA_003958685.2",96,2.3
"272","GCA_004007595.1",75.4,8.7
"273","GCA_004011995.1",63.8,23
"274","GCA_004114815.1",82,4.2
"275","GCA_004115005.2",87.4,7.4
"276","GCA_004115385.1",93.6,1.5
"277","GCA_004153795.2",67.8,12.3
"278","GCA_004170445.1",95.6,1.2
"279","GCA_004193775.2",98.5,1.1
"280","GCA_004295705.1",13,1.5
"281","GCA_004303085.2",83.1,1.9
"282","GCA_004320505.1",94.2,2.9
"283","GCA_004329165.1",89.5,7.7
"284","GCA_004379255.2",94.1,2.4
"285","GCA_004837865.1",86.9,4.5
"286","GCA_005223365.2",86.3,4.9
"287","GCA_005239225.1",96.5,1
"288","GCA_005286985.2",99.6,0.4
"289","GCA_005393395.2",75.6,6.7
"290","GCA_005549215.1",79.3,8.2
"291","GCA_005549225.1",76.1,10.1
"292","GCA_006013705.1",85.6,2
"293","GCA_006381635.2",86.8,6.1
"294","GCA_006547085.1",88.1,5.3
"295","GCA_006937295.1",83.8,3.2
"296","GCA_007726485.1",91,2.7
"297","GCA_007844105.2",96.2,1.2
"298","GCA_007990325.1",99.8,0.1
"299","GCA_007990345.1",99.4,0.4
"300","GCA_007990455.1",99.3,0.5
"301","GCA_007990485.1",99.8,0.1
"302","GCA_008009225.1",92.6,2.6
"303","GCA_008124465.1",69,15.7
"304","GCA_008632915.2",62.8,7.7
"305","GCA_008636005.1",90.5,3.3
"306","GCA_008638375.1",87.8,7.7
"307","GCA_008761655.1",99.6,0.2
"308","GCA_008932095.1",90.7,1.6
"309","GCA_009078335.1",92.8,2.6
"310","GCA_009363875.1",88.3,3.9
"311","GCA_009445465.1",64.3,18.6
"312","GCA_009746105.1",77,12
"313","GCA_009771035.1",96,2.9
"314","GCA_009797565.1",99.4,0.3
"315","GCA_009905375.1",4.8,1
"316","GCA_009936355.2",87.4,1.2
"317","GCA_010261695.1",94.2,0.9
"318","GCA_010458925.1",68.8,15
"319","GCA_011114355.1",84.9,2.4
"320","GCA_011745845.1",87.5,7.2
"321","GCA_011745865.1",82.6,8.9
"322","GCA_011799765.1",79.9,10.3
"323","GCA_012273815.2",98.2,0.6
"324","GCA_012274485.2",98.3,1.2
"325","GCA_012923435.1",91.9,3.1
"326","GCA_013030025.1",93,2.2
"327","GCA_013358455.1",86.2,9
"328","GCA_013401445.1",92.3,4.2
"329","GCA_013467465.1",57,8.2
"330","GCA_013467475.1",49.6,15.9
"331","GCA_013467485.1",43.3,15.9
"332","GCA_013467495.1",41.6,7.1
"333","GCA_013487665.1",40.5,17.2
"334","GCA_013511315.1",51.6,11.6
"335","GCA_013676235.1",81.2,7.6
"336","GCA_013677235.1",56.4,9.9
"337","GCA_013677245.1",56.9,8.9
"338","GCA_013677255.1",41.8,17
"339","GCA_013677265.1",43.8,16
"340","GCA_013677275.1",59.8,7.2
"341","GCA_014058105.1",75.9,15.1
"342","GCA_014180765.2",79.9,2.9
"343","GCA_014282035.1",88.9,2
"344","GCA_014282085.1",66.7,2.7
"345","GCA_014282095.1",95.8,2.2
"346","GCA_014282145.1",96.6,1.2
"347","GCA_014282245.1",90,3.4
"348","GCA_014282345.1",97.9,0.6
"349","GCA_014319735.1",0.1,0.2
"350","GCA_014362265.1",66.7,16.7
"351","GCA_014529385.2",84,4
"352","GCA_014851425.1",89.8,4
"353","GCA_014858505.1",95.5,3.6
"354","GCA_014871385.1",86.7,2.3
"355","GCA_014871845.1",87.4,2
"356","GCA_014905375.1",84.3,9.7
"357","GCA_015143295.1",83.2,7.9
"358","GCA_015342445.1",95,1.3
"359","GCA_015680905.1",78.9,9.8
"360","GCA_015731905.1",91.5,2
"361","GCA_015852605.2",94.8,2.2
"362","GCA_015952705.1",96.2,1.9
"363","GCA_016081115.2",97,0.6
"364","GCA_016413885.1",74.9,11.7
"365","GCA_016413895.1",75.3,11.5
"366","GCA_016771965.1",91.4,1.7
"367","GCA_016808095.1",92.3,3.6
"368","GCA_016808215.1",98.6,0.9
"369","GCA_016808335.1",99.8,0.2
"370","GCA_017552425.1",95.8,2.7
"371","GCA_017639395.1",91,1.2
"372","GCA_018107945.1",85.2,10.1
"373","GCA_018127125.1",91,4
"374","GCA_018258275.1",86,9.8
"375","GCA_018446385.1",91.1,4.5
"376","GCA_018687715.1",96.3,2.6
"377","GCA_018688675.1",98.1,1.2
"378","GCA_018689175.1",94.5,1.7
"379","GCA_018691285.1",97.3,1
"380","GCA_018804465.1",95.8,1.7
"381","GCA_019202795.1",99.8,0.2
"382","GCA_019202805.1",99.5,0.1
"383","GCA_019279435.1",84.9,10
"384","GCA_019321725.1",97.5,1.7
"385","GCA_019426215.1",93.3,3.1
"386","GCA_019455425.1",83,1.7
"387","GCA_019511825.2",85.9,2.2
"388","GCA_019512045.2",82.7,1.7
"389","GCA_019722365.1",78.6,10.2
"390","GCA_019776745.2",50.4,22.3
"391","GCA_019845555.1",96.4,1.4
"392","GCA_019925795.1",77.3,5.5
"393","GCA_020169535.1",91.2,3.1
"394","GCA_020169555.1",89,2.7
"395","GCA_020169575.1",90.3,3
"396","GCA_020169585.1",92.1,2.5
"397","GCA_020310875.1",84,4.8
"398","GCA_020379485.1",96.1,0.5
"399","GCA_020424065.1",89.2,3.7
"400","GCA_020496765.1",97.7,1.4
"401","GCA_020497155.1",96.5,0.9
"402","GCA_020521535.1",88.5,7.4
"403","GCA_020796205.1",66.4,2.2
"404","GCA_020796215.1",89,3.4
"405","GCA_020875875.1",96.8,1.8
"406","GCA_020921065.1",92.4,1.7
"407","GCA_021292205.2",90.2,1.8
"408","GCA_021442195.1",89.5,1.9
"409","GCA_021604985.1",69.8,16.5
"410","GCA_021904315.1",89,2.2
"411","GCA_022085475.1",81.7,6.1
"412","GCA_022201045.1",99.2,0.2
"413","GCA_022201065.1",99.3,0.2
"414","GCA_022343405.2",71.9,10.7
"415","GCA_022379115.2",98.5,0.5
"416","GCA_022539455.1",93.4,2.9
"417","GCA_023344035.1",61.6,3
"418","GCA_023376185.1",81,1.1
"419","GCA_023525715.1",82.3,1.3
"420","GCA_023525745.1",86.9,1.4
"421","GCA_023525975.1",97.9,1
"422","GCA_023529015.1",68.7,8.4
"423","GCA_023529315.1",95.6,2.1
"424","GCA_023531105.1",95.9,2.1
"425","GCA_023531295.1",95.2,2.5
"426","GCA_023531435.1",94.3,2
"427","GCA_023547065.1",91.6,4.8
"428","GCA_023653495.1",95.8,1.1
"429","GCA_024137805.1",95.6,1.2
"430","GCA_024323335.2",98.6,0.6
"431","GCA_024362645.1",98.4,0.7
"432","GCA_024505715.1",92.3,4
"433","GCA_024733475.1",91.1,4.5
"434","GCA_024762085.1",70,7.4
"435","GCA_025200525.1",93.9,3.3
"436","GCA_025413875.1",91.3,4.3
"437","GCA_025563575.1",97,1.6
"438","GCA_025594385.1",93.6,2.2
"439","GCA_026074375.1",92.7,5.1
"440","GCA_026225825.1",77.1,16.1
"441","GCA_026229545.1",72.7,17.8
"442","GCA_026261945.1",96,0.4
"443","GCA_026538245.1",97.5,1.5
"444","GCA_026538285.1",90.3,6.3
"445","GCA_026573395.1",98.7,0.3
"446","GCA_026586065.1",96.2,1.4
"447","GCA_026651665.1",88.1,8.1
"448","GCA_026651675.1",90.6,6.2
"449","GCA_026651695.1",97,1.3
"450","GCA_026651735.1",94.2,1.5
"451","GCA_026651805.1",96.8,1.4
"452","GCA_026652165.1",96.3,2.1
"453","GCA_026901365.1",71.2,7.1
"454","GCA_027562975.1",88.5,1.2
"455","GCA_027725995.1",87.4,1.5
"456","GCA_027726005.1",87.2,1.2
"457","GCA_027943385.1",53.2,5.9
"458","GCA_027943415.1",55.8,5.8
"459","GCA_028052125.1",97.6,1.4
"460","GCA_028095005.1",91.6,0.8
"461","GCA_028386065.3",87.5,5.3
"462","GCA_028411795.1",98.8,0.5
"463","GCA_028583415.1",97.9,1
"464","GCA_029030645.1",82.9,10.3
"465","GCA_029030655.1",75.5,11.7
"466","GCA_029030765.1",78.9,10.7
"467","GCA_029204005.1",77.8,11.8
"468","GCA_029204225.1",88.5,2.9
"469","GCA_029216955.1",82.8,6.9
"470","GCA_029228465.1",87.8,7.2
"471","GCA_029228485.1",92.1,3.4
"472","GCA_029228495.1",86.1,8.2
"473","GCA_029228505.1",91.8,3.3
"474","GCA_029228515.1",91.1,3.8
"475","GCA_029228605.1",78.1,10.7
"476","GCA_029379385.1",95.8,2.6
"477","GCA_029747015.1",77.9,10.6
"478","GCA_029747655.1",96.3,1.7
"479","GCA_029783415.1",95.8,1
"480","GCA_029852735.1",92.7,3.3
"481","GCA_029891385.1",97.5,1.5
"482","GCA_030052815.1",96.6,0.8
"483","GCA_030169165.1",74.5,3.7
"484","GCA_030254885.1",82.8,3.4
"485","GCA_030270665.1",98.8,0.6
"486","GCA_030272615.1",91.3,2.6
"487","GCA_030408175.1",99.5,0.2
"488","GCA_030490815.1",92.9,3.5
"489","GCA_030704535.1",93.6,1.3
"490","GCA_030737835.1",86.8,6.6
"491","GCA_030737845.1",89.5,5.7
"492","GCA_030848705.1",96.8,1.1
"493","GCA_030867185.1",87.2,0.7
"494","GCA_030979865.1",91.4,1.7
"495","GCA_030979885.1",83.2,2
"496","GCA_031230405.1",86.6,9.6
"497","GCA_032173615.1",99.8,0.1
"498","GCA_032690845.1",93.6,2.2
"499","GCA_032871835.1",97.1,1.5
"500","GCA_033065855.1",87.5,8.5
"501","GCA_033070095.1",89.5,5.6
"502","GCA_033220585.1",91.2,5.2
"503","GCA_033239525.1",94.4,2.7
"504","GCA_033242285.1",90,6.9
"505","GCA_034222035.1",98.3,0.6
"506","GCA_034359265.1",93.6,3.4
"507","GCA_034509725.1",73.2,13.6
"508","GCA_034509735.1",93.5,1.9
"509","GCA_034509755.1",98.8,0.6
"510","GCA_034814905.1",49.9,3.3
"511","GCA_035136125.1",98.1,0.9
"512","GCA_035578085.1",97.8,0.6
"513","GCA_035582445.1",94.6,2.1
"514","GCA_035582545.1",92.8,4.1
"515","GCA_035582765.1",91.9,1.5
"516","GCA_035896635.1",89.3,6.9
"517","GCA_036250425.1",94.1,3.8
"518","GCA_036320975.1",95.4,2.5
"519","GCA_036689595.1",91.9,2.4
"520","GCA_036851095.1",91.3,3.8
"521","GCA_036851125.1",95.5,2.7
"522","GCA_036851155.1",95,2.8
"523","GCA_036885675.1",79.5,10.1
"524","GCA_037074985.1",88.2,2.8
"525","GCA_037126225.1",93.9,2.8
"526","GCA_037833805.1",87.4,1.1
"527","GCA_037833965.1",87.4,1.1
"528","GCA_037953625.1",79.5,1.4
"529","GCA_037954015.1",80,0.7
"530","GCA_037954025.1",93.9,0.4
"531","GCA_037954105.1",81.7,0.9
"532","GCA_037962975.1",83.6,0.7
"533","GCA_038405125.1",99.4,0.4
"534","GCA_038485115.1",88.5,1.8
"535","GCA_038485135.2",92,1.4
"536","GCA_038485145.1",99.2,0.4
"537","GCA_038677285.1",99.2,0.1
"538","GCA_039105155.1",87.4,1.1
"539","GCA_039513925.1",79.5,6.4
"540","GCA_039583875.1",58.1,11.1
"541","GCA_039602395.1",95.5,0.6
"542","GCA_039657325.1",96,1.8
"543","GCA_039657345.1",96.7,0.9
"544","GCA_039657365.1",96,1.2
"545","GCA_039657385.1",94.7,2.1
"546","GCA_039657395.1",94.5,2.4
"547","GCA_039720395.1",83.1,11.4
"548","GCA_040167595.1",98.9,0.4
"549","GCA_040182985.1",96,2.1
"550","GCA_040183295.1",92.5,3.6
"551","GCA_040256815.2",99.1,0.2
"552","GCA_040285695.1",70.6,14.3
"553","GCA_040285715.1",73.1,12.8
"554","GCA_040286105.1",75,13.1
"555","GCA_040286145.1",83.6,9.9
"556","GCA_040372305.1",87.5,4.6
"557","GCA_040436765.1",91.3,3.3
"558","GCA_040550855.1",99.6,0.1
"559","GCA_040584065.1",99.6,0.1
"560","GCA_040670175.1",91.5,2.3
"561","GCA_040938325.1",99.3,0.5
"562","GCA_040955855.1",95.5,0.7
"563","GCA_041154535.1",97.3,1.6
"564","GCA_041154625.1",97.8,0.4
"565","GCA_041381175.1",98.5,0.6
"566","GCA_041383265.1",99.3,0.3
"567","GCA_042100155.1",96.4,0.6
"568","GCA_043165305.1",98.6,0.5
"569","GCA_043235775.1",89.3,4.1
"570","GCA_043237855.1",92.6,3.6
"571","GCA_043381025.1",99.9,0
"572","GCA_043381455.1",83.3,3
"573","GCA_044505025.1",72.2,12.8
"574","GCA_044510105.1",99.8,0.1
"575","GCA_045791845.1",95.7,0.7
"576","GCA_900059795.1",93.9,3.9
"577","GCA_900231445.1",96.5,0.8
"578","GCA_900332095.2",81.7,7.1
"579","GCA_900411305.1",17.4,1.1
"580","GCA_900412535.3",97.5,1
"581","GCA_902201215.1",97.1,0.4
"582","GCA_902206195.3",96.8,1.4
"583","GCA_902651935.1",99.6,0.1
"584","GCA_902703425.1",86.5,5
"585","GCA_902705455.1",99.6,0.1
"586","GCA_902706635.1",90.7,4.5
"587","GCA_902713445.1",97.1,1.2
"588","GCA_902728155.2",98.5,0.6
"589","GCA_902729315.2",95.4,2
"590","GCA_903112645.1",93.4,2.5
"591","GCA_903114435.1",94.4,2.2
"592","GCA_904420315.1",91.3,1.6
"593","GCA_904845875.1",97.2,1.4
"594","GCA_905183035.1",98.1,0.5
"595","GCA_905216605.1",95.5,0.9
"596","GCA_911865555.2",87.3,2.5
"597","GCA_912172775.2",82.4,2.4
"598","GCA_928212115.1",91.9,2.1
"599","GCA_932364175.1",98,0.9
"600","GCA_944990045.1",96.2,1.2
"601","GCA_945859875.1",87.9,2.5
"602","GCA_945859915.1",90.8,0.8
"603","GCA_946122785.1",96,1.3
"604","GCA_947470075.1",45.1,9
"605","GCA_947471745.1",49.9,8.1
"606","GCA_948144035.1",44.2,9
"607","GCA_948144175.1",45,8.7
"608","GCA_948472305.1",96.1,2.4
"609","GCA_949281255.1",35.9,10.4
"610","GCA_949281275.1",36.8,10.9
"611","GCA_949352195.3",99.9,0
"612","GCA_949775105.1",94.1,1.2
"613","GCA_949927565.1",89.9,2.2
"614","GCA_963425845.1",90,5.3
"615","GCA_963454935.2",75.2,16.4
"616","GCA_963859935.3",95.7,0.7
"617","GCA_963924115.1",88.3,5.9
"618","GCA_963931745.2",96.1,1.3
"619","GCA_963931755.2",95.5,1.5
"620","GCA_963931765.2",95.5,2
"621","GCA_963970345.1",87.7,2.1
"622","GCA_963970355.1",88.3,1.8
"623","GCA_963971075.1",88.2,1.9
"624","GCA_963978565.1",95.2,1.5
"625","GCA_964014455.1",87.5,2
"626","GCA_964019355.1",98.8,0.5
"627","GCA_964030455.1",97,1.2
"628","GCA_964030465.3",99.4,0.1
"629","GCA_964186695.1",99.2,0.1
"630","GCA_964259005.1",97.2,1.5
"631","GCA_964267205.1",96.9,0.5
"632","GCA_964270275.1",95.9,1.5
"633","GCA_964270295.1",89.8,4
"634","GCA_964270305.1",97.6,0.6
"635","GCA_964270695.1",97.2,0.9
"636","GCA_964270995.1",97.3,0.7
"637","GCA_964271285.1",97.2,0.7
"638","GCA_964340505.1",98.9,0
"639","GCA_000091205.1",72.94,6.27
"640","GCA_000341285.1",78.04,7.45
"641","GCA_000350225.2",63.14,8.24
"642","GCA_002049455.2",43.92,14.51
"643","GCA_003194525.1",81.18,4.71
"644","GCA_008690995.1",71.76,8.63
"645","GCA_009829735.1",50.2,16.86
"646","GCA_013995675.1",54.51,16.86
"647","GCA_022539475.1",60,9.02
"648","GCA_024341865.1",73.73,10.2
"649","GCA_025991245.1",81.96,5.49
"650","GCA_026122185.1",68.24,9.8
"651","GCA_026122205.1",80.78,6.27
"652","GCA_026184775.1",67.06,9.8
"653","GCA_029953675.1",83.92,4.31
"654","GCA_042855435.1",61.18,12.94
"655","GCA_000002435.2",23.92,5.88
"656","GCA_000002445.1",97.69,1.54
"657","GCA_000002725.2",100,0
"658","GCA_000002825.3",52.16,6.67
"659","GCA_000002845.2",96.92,1.54
"660","GCA_000002875.2",100,0
"661","GCA_000004985.1",77.65,10.2
"662","GCA_000182405.1",23.53,6.67
"663","GCA_000182665.1",23.92,6.27
"664","GCA_000188675.2",93.08,4.62
"665","GCA_000209065.1",97.69,1.54
"666","GCA_000210295.1",98.46,1.54
"667","GCA_000227135.2",99.23,0
"668","GCA_000227375.1",9.23,2.31
"669","GCA_000227395.2",34.62,14.62
"670","GCA_000234665.4",99.23,0.77
"671","GCA_000300495.1",98.46,0.77
"672","GCA_000442495.1",73.08,20
"673","GCA_000442575.2",79.23,16.92
"674","GCA_000492115.1",94.62,3.85
"675","GCA_000496795.1",90.77,8.46
"676","GCA_000497125.2",18.82,7.06
"677","GCA_000498715.1",23.53,6.27
"678","GCA_000498735.1",23.14,6.27
"679","GCA_000582765.1",90,9.23
"680","GCA_000691245.1",95.38,3.85
"681","GCA_000755165.1",100,0
"682","GCA_000982615.1",80,19.23
"683","GCA_001235845.1",65.38,6.92
"684","GCA_001293395.1",100,0
"685","GCA_001299535.1",99.23,0.77
"686","GCA_001457755.2",94.62,0
"687","GCA_001460835.1",89.23,8.46
"688","GCA_001543975.1",23.14,6.67
"689","GCA_001643675.2",59.61,5.1
"690","GCA_001839685.2",50.59,4.71
"691","GCA_002087225.1",99.23,0.77
"692","GCA_002219105.2",100,0
"693","GCA_003177095.1",99.23,0
"694","GCA_003177105.1",89.23,10.77
"695","GCA_003324165.2",86.27,4.71
"696","GCA_003543875.1",76.15,4.62
"697","GCA_003568945.1",18.82,21.96
"698","GCA_003719155.1",83.85,13.08
"699","GCA_003719455.1",96.92,3.08
"700","GCA_003719475.1",96.15,3.85
"701","GCA_003719485.1",97.69,1.54
"702","GCA_003719575.1",100,0
"703","GCA_003730175.1",99.23,0.77
"704","GCA_003730215.1",99.23,0.77
"705","GCA_006247105.1",22.35,7.06
"706","GCA_008403515.1",85.88,3.14
"707","GCA_008636045.1",38.04,18.04
"708","GCA_009731335.1",98.46,0.77
"709","GCA_013358655.1",98.46,0
"710","GCA_015033625.1",100,0
"711","GCA_015033655.1",98.46,0
"712","GCA_017916305.1",98.46,0
"713","GCA_017916325.1",100,0
"714","GCA_017916335.1",99.23,0.77
"715","GCA_017918215.1",96.92,0
"716","GCA_017918225.1",99.23,0
"717","GCA_017918235.1",98.46,0
"718","GCA_019188245.1",96.15,0
"719","GCA_019425475.1",91.54,0.77
"720","GCA_019828565.1",48.63,11.37
"721","GCA_020184695.1",46.67,9.8
"722","GCA_020186115.1",47.84,9.41
"723","GCA_021307395.1",85.38,6.15
"724","GCA_022059095.1",100,0
"725","GCA_024181965.1",31.37,11.37
"726","GCA_024505685.1",93.08,2.31
"727","GCA_026262505.1",52.16,6.67
"728","GCA_026419775.2",85.49,6.67
"729","GCA_027625915.1",79.61,3.14
"730","GCA_027972325.1",62.35,6.67
"731","GCA_028826165.1",77.25,2.75
"732","GCA_028892595.1",79.61,2.35
"733","GCA_030068145.1",39.23,9.23
"734","GCA_033064195.1",52.94,9.02
"735","GCA_039105265.1",54.51,7.06
"736","GCA_040285745.1",40.78,7.45
"737","GCA_040363505.1",97.69,0.77
"738","GCA_040363515.1",96.92,0.77
"739","GCA_040363635.1",95.38,1.54
"740","GCA_040363645.1",98.46,0.77
"741","GCA_040363675.1",96.15,0.77
"742","GCA_900500625.2",100,0
"743","GCA_900537975.2",95.38,1.54
"744","GCA_900635355.2",100,0
"745","GCA_903995115.1",77.69,17.69
"746","GCA_916722125.1",100,0
"747","GCA_962239345.1",94.62,1.54
"748","GCA_962240435.1",95.38,0.77
"749","GCA_962240445.1",97.69,0.77
"750","GCA_962240455.1",96.92,0.77
"751","GCA_962243165.1",98.46,0.77
"752","GCA_963988835.2",24.71,5.88
"753","BUSCO",97.7,1.5
"754","Euggra1",30.6,12.5
"755","Giaint1",23.5,5.1
"756","Trivag1",52.2,6.7
"757","GCA_900002385.2",64.72,10.57
"758","GCA_000002415.2",95.25,1.1
"759","GCA_000723685.1",98.98,0.11
"760","GCA_000740895.1",94.27,0.62
"761","GCA_000002765.3",99.12,0
"762","GCA_000003085.2",64.91,10.38
"763","GCA_000003225.1",93.74,2.47
"764","GCA_000006355.3",99.18,0.05
"765","GCA_000006405.1",97.08,1.17
"766","GCA_000006515.1",99.2,0.4
"767","GCA_000006565.2",100,0
"768","GCA_000149665.2",85.78,4.06
"769","GCA_000149715.2",100,0
"770","GCA_000149795.1",51.37,6.64
"771","GCA_000150015.2",99.4,0.6
"772","GCA_000150435.3",89.95,4.37
"773","GCA_000165345.1",96.61,1.99
"774","GCA_000165365.1",98.06,0.62
"775","GCA_000165395.2",98.41,0.09
"776","GCA_000165425.1",98.83,0.58
"777","GCA_000186025.2",24.6,19.71
"778","GCA_000186055.2",74.79,4.61
"779","GCA_000189635.1",98.83,0
"780","GCA_000208865.2",98.21,0.8
"781","GCA_000209695.1",14.34,0.4
"782","GCA_000220395.1",82.46,5.26
"783","GCA_000223845.4",65.74,3.39
"784","GCA_000224805.2",89.64,8.57
"785","GCA_000224845.2",93.23,5.18
"786","GCA_000224865.2",89.84,6.77
"787","GCA_000224885.2",91.04,6.37
"788","GCA_000224905.2",88.25,7.97
"789","GCA_000250965.2",92.63,5.78
"790","GCA_000256705.2",92.23,5.38
"791","GCA_000256725.2",92.03,6.18
"792","GCA_000258005.2",99.8,0.2
"793","GCA_000320625.2",94.23,2.42
"794","GCA_000320645.2",95.36,1.76
"795","GCA_000320665.2",95.28,1.59
"796","GCA_000320685.2",94.67,2.2
"797","GCA_000321355.1",80.62,10.24
"798","GCA_000325525.2",93.23,5.18
"799","GCA_000342415.1",94.36,3.79
"800","GCA_000401695.2",79.46,6.18
"801","GCA_000401715.2",81.71,5.27
"802","GCA_000499385.1",88.45,6.77
"803","GCA_000499425.1",89.44,7.57
"804","GCA_000499445.1",48.41,14.34
"805","GCA_000499545.1",89.24,7.57
"806","GCA_000499605.1",77.49,10.96
"807","GCA_000499725.1",76.29,9.96
"808","GCA_000499745.2",50.8,20.92
"809","GCA_000505035.1",96.02,1.43
"810","GCA_000521015.1",87.34,4.64
"811","GCA_000521035.1",83.28,5.96
"812","GCA_000521055.1",83.44,6.48
"813","GCA_000521075.1",89.98,3.6
"814","GCA_000521095.1",85.48,4.75
"815","GCA_000521115.1",90.25,3.73
"816","GCA_000521155.1",68.62,8.35
"817","GCA_000524495.1",96.51,1.78
"818","GCA_000524515.1",96.87,1.21
"819","GCA_000691945.2",95.15,1.15
"820","GCA_000709005.1",97.12,1.15
"821","GCA_000711775.1",0,0
"822","GCA_000751175.1",97.66,1.17
"823","GCA_000769155.2",94.02,3.19
"824","GCA_000956335.1",96.79,1.24
"825","GCA_000981445.1",97.53,0.53
"826","GCA_001179505.1",99.42,0
"827","GCA_001447515.1",99.42,0
"828","GCA_001483515.1",97.61,0.8
"829","GCA_001593445.1",98.61,0.4
"830","_GCA_001593465.1",98.41,0.2
"831","GCA_001593475.1",98.01,0.6
"832","GCA_001601855.1",92.75,2.2
"833","GCA_001602025.1",95.14,1.24
"834","_GCA_001680005.1",97.28,0.49
"835","GCA_001865345.1",97.41,0.6
"836","GCA_001865355.1",99.2,0.2
"837","GCA_001939145.1",78.95,10.53
"838","_GCA_001970955.1",90.06,1.17
"839","GCA_002095265.1",80.09,2.47
"840","GCA_002140095.1",98.54,0.11
"841","GCA_002157705.1",99.12,0.03
"842","GCA_002223825.1",97.21,1.2
"843","GCA_002563875.1",99.8,0.2
"844","GCA_002600585.1",83.47,11.16
"845","GCA_002831795.1",94.26,0
"846","GCA_002897235.1",83.7,5.9
"847","GCA_003072535.4",95.59,1.5
"848","GCA_003072545.4",95.15,1.41
"849","GCA_004369235.1",9.94,2.92
"850","GCA_004936735.2",97.61,1
"851","_GCA_006369765.1",53.8,8.19
"852","GCA_007210665.1",98.01,0.6
"853","GCA_009768925.2",95.62,0.6
"854","GCA_009792415.2",94.62,1
"855","GCA_012898025.1",95.11,0
"856","GCA_013099955.1",100,0
"857","GCA_013115115.1",89.47,2.34
"858","GCA_013115125.1",81.29,2.34
"859","GCA_013115135.1",88.89,4.68
"860","GCA_013115145.1",91.23,3.51
"861","GCA_013115865.1",65.5,21.64
"862","GCA_013115895.1",63.74,23.98
"863","GCA_014529505.1",91.04,2.19
"864","GCA_015245375.1",98.21,0.4
"865","GCA_015476325.1",59.21,3.7
"866","GCA_019968955.1",71.71,1.79
"867","GCA_020844765.3",89.95,2.86
"868","GCA_023705535.2",90.04,2.38
"869","GCA_023973825.1",89.07,1.78
"870","GCA_024862765.1",79.03,5.9
"871","GCA_027243965.1",93.03,2.19
"872","GCA_027243975.1",92.63,2.19
"873","GCA_027243985.1",94.22,1.99
"874","GCA_028658345.1",76.21,5.29
"875","GCA_030849525.1",94.19,1.15
"876","GCA_031892065.1",98.21,0.8
"877","GCA_035232765.1",98.61,0.2
"878","GCA_037039495.1",96.22,0.2
"879","GCA_039657295.1",97.81,1
"880","GCA_900002335.2",99.2,0
"881","GCA_900002375.2",99.07,0.03
"882","GCA_900002385.2",98.98,0.05
"883","GCA_900002395.1",98.76,0.11
"884","GCA_900004885.2",97.83,0.08
"885","GCA_900005025.2",97.47,0.05
"886","GCA_900005765.1",98.82,0.11
"887","GCA_900005855.1",98.46,0.38
"888","GCA_900044335.1",98.3,0.16
"889","GCA_900088445.1",96.4,0.22
"890","GCA_900088485.1",80.89,5.35
"891","GCA_900088545.1",80.97,5.27
"892","GCA_900088555.1",84.02,3.98
"893","GCA_900088565.1",85.15,3.49
"894","GCA_900088575.1",77.68,6.59
"895","GCA_900090005.1",77.9,2.91
"896","GCA_900090025.2",88.3,1.46
"897","GCA_900090035.2",98.46,0.3
"898","GCA_900090045.1",98.98,0.03
"899","GCA_900093535.1",96.32,0.27
"900","GCA_900093545.1",96.92,0.19
"901","GCA_900093555.2",99.18,0.03
"902","GCA_900095545.1",96.57,0.19
"903","GCA_900095555.1",93.99,0.16
"904","GCA_900095565.1",98.11,0.03
"905","GCA_900095585.1",96.98,0.16
"906","GCA_900095595.1",98.63,0.14
"907","GCA_900095605.1",98.38,0.11
"908","GCA_900095625.1",97.94,0.16
"909","GCA_900095635.1",96.07,0.44
"910","GCA_900097015.1",98.98,0.05
"911","GCA_900097025.1",99.01,0.08
"912","GCA_900097035.1",97.2,0.6
"913","GCA_900097045.1",98.82,0.14
"914","GCA_900240055.1",98.79,0.05
"915","GCA_900257145.2",93.66,0.74
"916","GCA_900681995.1",98.08,0.47
"917","GCA_902459845.2",90.22,3.08
"918","GCA_903994205.1",97.25,0.88
"919","GCA_903994225.1",97.2,0.6
"920","GCA_903994235.1",97.86,0.6
"921","GCA_903994265.1",96.62,1.02
"922","GCA_905178155.1",95.32,0.58
"923","GCA_905182975.1",97.08,1.17
"924","GCA_905182985.1",98.83,0.58
"925","GCA_905182995.1",96.49,1.75
"926","GCA_905183005.1",98.25,1.17
"927","GCA_905221605.1",69.59,12.28
"928","GCA_905221615.1",75.44,11.11
"929","GCA_905221625.1",91.23,4.09
"930","GCA_905221635.1",70.18,11.7
"931","GCA_905231905.1",54.97,13.45
"932","GCA_905231915.1",63.16,15.79
"933","GCA_905231925.1",77.19,10.53
"934","GCA_905237085.1",69.59,16.37
"935","GCA_905237095.1",66.08,15.2
"936","GCA_914767885.1",95.91,2.92
"937","GCA_914969965.1",98.41,0.03
"938","GCA_946863485.1",91.81,1.17
"939","GCA_947184155.2",82.46,7.02
"940","GCA_949152365.1",98.38,0.08
"941","GCA_963377065.1",67.25,15.2
"942","GCA_963377175.1",75.44,9.36
"943","GCA_963377275.1",76.02,12.28
"944","GCA_963575745.1",61.4,22.81
"945","GCA_963969995.1",83.63,5.85
"946","GCA_963970005.1",74.85,9.36
"947","Chrveli1",95.9,3.5
"948","Amoce1",87.9,11.1
"949","Bremi1",64.6,28.3
"950","Fugka2468",52.5,19.2
"951","Partet1",98,0
"952","GCA_000142945.1",100,0
"953","GCA_000149405.2",97,3
"954","GCA_000149755.2",99,1
"955","GCA_000150955.2",96,4
"956","GCA_000151545.2",98,1
"957","GCA_000151665.1",87,13
"958","GCA_000186865.1",84,11
"959","GCA_000240725.1",40,9
"960","GCA_000281045.1",99,0
"961","GCA_000296195.2",89,7
"962","GCA_000310025.1",97,3
"963","GCA_000333075.3",95,4
"964","GCA_000365505.1",99,0
"965","GCA_000365525.1",99,0
"966","GCA_000365545.1",99,0
"967","GCA_000367145.1",99,0
"968","GCA_000509465.1",99,0
"969","GCA_000509485.1",99,0
"970","GCA_000509505.1",99,0
"971","GCA_000509525.1",99,0
"972","GCA_000520075.1",100,0
"973","GCA_000520115.1",99,1
"974","GCA_000569095.1",86,9
"975","GCA_000743755.1",98,2
"976","GCA_000785725.3",96,3
"977","GCA_000785735.3",95,3
"978","GCA_001029375.2",94,4
"979","GCA_001078535.1",99,1
"980","GCA_001482985.1",91,2
"981","GCA_001483015.1",99,0
"982","GCA_001651215.1",99,0
"983","GCA_001707905.2",96,3
"984","GCA_001712635.2",89,4
"985","GCA_001712645.2",96,2
"986","GCA_001712705.2",96,2
"987","GCA_001712715.2",95,3
"988","GCA_001750085.1",94,5
"989","GCA_002081575.1",100,0
"990","GCA_002081595.1",99,1
"991","GCA_002197585.2",85,9
"992","GCA_002215365.1",91,3
"993","GCA_002217885.1",97,1
"994","GCA_002897355.1",95,2
"995","GCA_002911725.1",81,12
"996","GCA_003287315.1",100,0
"997","GCA_003546525.1",76,11
"998","GCA_003546545.1",80,12
"999","GCA_003546565.1",82,12
"1000","GCA_003546585.1",82,11
"1001","GCA_003546605.1",79,14
"1002","GCA_003546625.1",84,9
"1003","GCA_003546765.1",86,11
"1004","GCA_003546785.1",74,13
"1005","GCA_003546805.1",84,8
"1006","GCA_003546825.1",85,12
"1007","GCA_003666305.1",51,13
"1008","GCA_003704535.1",93,3
"1009","GCA_003843895.1",94,2
"1010","GCA_004359215.2",95,2
"1011","GCA_004565275.1",92,4
"1012","GCA_005966545.1",100,0
"1013","GCA_006386115.1",92,0
"1014","GCA_008271595.1  ",100,0
"1015","GCA_016906365.1",99,1
"1016","GCA_037953725.1",75,8
"1017","GCA_003843895.1",94,2
"1018","GCA_004359215.2",95,2
"1019","GCA_004565275.1",92,4
"1020","GCA_005966545.1",100,0
"1021","GCA_006386115.1",92,0
"1022","GCA_008271595.1",100,0
"1023","GCA_008330625.1",87,1
"1024","GCA_008330635.1",86,2
"1025","GCA_008330645.1",89,2
"1026","GCA_008330665.1",90,1
"1027","GCA_009729455.1",94,0
"1028","GCA_009732905.1",100,0
"1029","GCA_009732925.1",100,0
"1030","GCA_009732945.1",100,0
"1031","GCA_009732985.1",100,0
"1032","GCA_009733005.1",100,0
"1033","GCA_009733025.1",100,0
"1034","GCA_009733045.1",100,0
"1035","GCA_009733065.1",100,0
"1036","GCA_009733085.1",100,0
"1037","GCA_009733105.1",100,0
"1038","GCA_009733125.1",100,0
"1039","GCA_009733145.1",100,0
"1040","GCA_009835175.1",100,0
"1041","GCA_009835185.1",97,1
"1042","GCA_009835205.1",49,21
"1043","GCA_010194725.1",91,4
"1044","GCA_012295175.1",98,1
"1045","GCA_012489335.1",75,9
"1046","GCA_012552325.1",96,0
"1047","GCA_016618375.1",99,0
"1048","GCA_016864635.1",99,1
"1049","GCA_016864655.1",100,0
"1050","GCA_016864665.1",99,1
"1051","GCA_016864695.1",99,1
"1052","GCA_016864715.1",99,1
"1053","GCA_016864735.1",99,1
"1054","GCA_016864755.1",99,1
"1055","GCA_016864775.1",99,1
"1056","GCA_016864795.1",99,1
"1057","GCA_016864815.1",99,1
"1058","GCA_016864835.1",99,1
"1059","GCA_016864855.1",99,1
"1060","GCA_016865055.1",99,1
"1061","GCA_016865075.1",99,1
"1062","GCA_016865085.1",100,0
"1063","GCA_016865095.1",99,1
"1064","GCA_016880175.1",99,1
"1065","GCA_016880985.1",100,0
"1066","GCA_016906365.1",99,1
"1067","GCA_017309695.1",99,1
"1068","GCA_017506865.1",93,2
"1069","GCA_018691715.1",100,0
"1070","GCA_018873745.1",99,0
"1071","GCA_018873755.1",98,0
"1072","GCA_019154785.2",100,0
"1073","GCA_019155685.1",92,0
"1074","GCA_019828595.1",80,2
"1075","GCA_020800215.1",99,1
"1076","GCA_020800235.1",100,0
"1077","GCA_021029035.1",65,9
"1078","GCA_021029045.1",69,10
"1079","GCA_021029115.1",71,9
"1080","GCA_021491655.1",95,2
"1081","GCA_021527665.1",100,0
"1082","GCA_021527685.1",98,2
"1083","GCA_021527805.1",100,0
"1084","GCA_021927905.1",95,0
"1085","GCA_022925895.1",75,6
"1086","GCA_026184515.1",81,4
"1087","GCA_026225685.1",97,1
"1088","GCA_026401375.1",96,2
"1089","GCA_026401395.1",99,0
"1090","GCA_026770575.1",94,2
"1091","GCA_026770595.1",80,11
"1092","GCA_027923505.1",95,1
"1093","GCA_027925865.1",92,0
"1094","GCA_029747605.1",46,17
"1095","GCA_029834535.1",86,2
"1096","GCA_030267505.1",66,12
"1097","GCA_030267625.1",68,14
"1098","GCA_030267725.1",78,14
"1099","GCA_030267785.1",74,14
"1100","GCA_030267805.1",93,0
"1101","GCA_030267905.1",95,0
"1102","GCA_030267945.1",94,0
"1103","GCA_030267965.1",91,3
"1104","GCA_030267985.1",91,1
"1105","GCA_030871285.1",87,7
"1106","GCA_031305395.1",91,1
"1107","GCA_037953725.1",75,8
"1108","GCA_039096195.1",93,2
"1109","GCA_039096215.1",95,2
"1110","GCA_039096225.1",98,1
"1111","GCA_039096365.1",93,2
"1112","GCA_039096925.1",85,8
"1113","GCA_039096935.1",93,2
"1114","GCA_040437565.1",89,1
"1115","GCA_900000015.1",100,0
"1116","GCA_900660405.1",86,1
"1117","GCA_900708865.1",96,1
"1118","GCA_902602495.3",83,4
"1119","GCA_903772945.1",99,0
"1120","GCA_918797485.1",89,1
"1121","GCA_920618645.1",98,0
"1122","GCA_920940705.1",98,0
"1123","GCA_921007115.2",98,1
"1124","GCA_921012115.1",99,0
"1125","GCA_933822405.4",97,1
"1126","GCA_947641895.1",99,0
"1127","GCA_947646735.1",98,0
"1128","GCA_947650285.1",99,0
"1129","GCA_947650345.1",96,3
"1130","GCA_964200265.1",2,0
"1131","GCA_964200375.1",2,0
"1132","Alaesc1",95,2
"1133","Aplke1",94,3
"1134","Auran1",84,11
"1135","Aurli1",94,2
"1136","Blahom1",87,13
"1137","Brelac1",93,2
"1138","Cafroe1",89,2
"1139","Chaten1",95,0
"1140","Claok1",97,1
"1141","Conwei1",95,4
"1142","Cyccr2",96,1
"1143","Cylclo1",97,1
"1144","Ectsil1",97,3
"1145","Ent11IV18",96,1
"1146","Fisso2",97,1
"1147","Fracro1",75,6
"1148","Honfer1",95,2
"1149","Hyaar1",87,5
"1150","Hypcat1",74,15
"1151","LabyHa",77,3
"1152","Macpyr2",88,6
"1153","Maypse1",95,1
"1154","Mintr2",94,3
"1155","MonC141",100,0
"1156","MonC73",100,0
"1157","Mosaich1",97,1
"1158","Nangad1",86,9
"1159","Nangad1894",96,0
"1160","Nanoce1779",96,1
"1161","Nanoce84910",94,4
"1162","Nansal1776",92,4
"1163","NanspC018",97,1
"1164","Nemde1",97,2
"1165","Nithil2",100,0
"1166","Nitput1",97,1
"1167","Ochro1393",94,3
"1168","Ochro2298",80,11
"1169","Parimp1",98,0
"1170","Pelago2097",96,0
"1171","Pereff1",95,2
"1172","Persor1",79,4
"1173","Phyci1",96,4
"1174","Phyinf1",100,0
"1175","Physo3",99,1
"1176","Psemu1",98,2
"1177","Sacja1",90,6
"1178","Sappar1",99,1
"1179","Sarfu1",93,5
"1180","ScaPar1",91,1
"1181","Schag1",91,3
"1182","Semro1",99,0
"1183","Thaoce1",89,7
"1184","Trilae1",75,9
"1185","Trimin1",93,2
"1186","Undpi1",93,2
"1187","VisC74",100,0
"1188","GCA_000512085.1",36.86,27.84
"1189","GCA_000698435.2",1.96,1.18
"1190","GCA_001049375.1",88.63,3.92
"1191","GCA_009731375.1",1.96,0.78
"1192","GCA_039583845.1",21.18,12.94
"1193","GCA_040357525.1",25.88,18.82
"1194","GCA_040357535.1",9.41,15.29
"1195","GCA_040357565.1",55.29,14.51
"1196","Bigna1",72.9,12.2
"1197","Paumic1",65.5,9.4
"1198","Retfil1",36.9,27.8
