Accn,one_line_summary,C.score,Complete.BUSCOs,Single.copy.percentage,Single.copy.BUSCOs,Multi.copy.percentage,Multi.copy.BUSCOs,Frag.score,Fragmented.BUSCOs,Missing.percentage,Missing.BUSCOs,n_markers,avg_identity,domain,internal_stop_codon_count,internal_stop_codon_percent
GCA_000001735.2,"C:99.6%[S:55.4%,D:44.2%],F:0.1%,M:0.3%,n:1614",99.6,1608,55.4,894,44.2,714,0.1,1,0.3,5,1614,NULL,eukaryota,0,0
GCA_000002775.4,"C:99.3%[S:60.5%,D:38.7%],F:0.2%,M:0.6%,n:1614",99.3,1602,60.5,977,38.7,625,0.2,3,0.6,9,1614,NULL,eukaryota,0,0
GCA_000003195.3,"C:98.3%[S:70.1%,D:28.2%],F:0.9%,M:0.8%,n:1614",98.3,1587,70.1,1132,28.2,455,0.9,14,0.8,13,1614,NULL,eukaryota,0,0
GCA_000003745.2,"C:90.8%[S:88.7%,D:2.1%],F:4.8%,M:4.4%,n:1614",90.8,1465,88.7,1431,2.1,34,4.8,78,4.4,71,1614,NULL,eukaryota,0,0
GCA_000004075.3,"C:95.3%[S:93.6%,D:1.7%],F:2.6%,M:2.1%,n:1614",95.3,1538,93.6,1510,1.7,28,2.6,42,2.1,34,1614,NULL,eukaryota,0,0
GCA_000004255.1,"C:96.3%[S:94.0%,D:2.3%],F:1.3%,M:2.4%,n:1614",96.3,1554,94,1517,2.3,37,1.3,21,2.4,39,1614,NULL,eukaryota,0,0
GCA_000004515.5,"C:99.4%[S:28.5%,D:70.9%],F:0.4%,M:0.2%,n:1614",99.4,1605,28.5,460,70.9,1145,0.4,6,0.2,3,1614,NULL,eukaryota,0,0
GCA_000004655.2,"C:91.4%[S:89.0%,D:2.4%],F:4.5%,M:4.1%,n:1614",91.4,1475,89,1436,2.4,39,4.5,73,4.1,66,1614,NULL,eukaryota,0,0
GCA_000005005.6,"C:94.8%[S:40.5%,D:54.3%],F:3.3%,M:1.9%,n:1614",94.8,1530,40.5,654,54.3,876,3.3,54,1.9,30,1614,NULL,eukaryota,0,0
GCA_000005425.2,"C:73.0%[S:70.9%,D:2.1%],F:9.9%,M:17.2%,n:1614",73,1178,70.9,1144,2.1,34,9.9,159,17.2,277,1614,NULL,eukaryota,0,0
GCA_000005505.4,"C:99.3%[S:62.0%,D:37.2%],F:0.4%,M:0.4%,n:1614",99.3,1602,62,1001,37.2,601,0.4,6,0.4,6,1614,NULL,eukaryota,0,0
GCA_000143415.2,"C:76.9%[S:12.0%,D:64.9%],F:5.9%,M:17.2%,n:1614",76.9,1241,12,193,64.9,1048,5.9,96,17.2,277,1614,NULL,eukaryota,0,0
GCA_000149285.1,"C:90.9%[S:88.6%,D:2.3%],F:4.2%,M:5.0%,n:1614",90.9,1467,88.6,1430,2.3,37,4.2,67,5,80,1614,NULL,eukaryota,0,0
GCA_000151685.2,"C:92.0%[S:90.9%,D:1.1%],F:4.6%,M:3.3%,n:1614",92,1485,90.9,1467,1.1,18,4.6,75,3.3,54,1614,NULL,eukaryota,0,0
GCA_000211275.1,"C:68.0%[S:66.1%,D:1.9%],F:5.5%,M:26.5%,n:1614",68,1098,66.1,1067,1.9,31,5.5,89,26.5,427,1614,NULL,eukaryota,0,0
GCA_000219495.2,"C:96.8%[S:75.8%,D:21.1%],F:0.8%,M:2.4%,n:1614",96.8,1563,75.8,1223,21.1,340,0.8,13,2.4,38,1614,NULL,eukaryota,0,0
GCA_000263155.2,"C:97.9%[S:76.0%,D:21.9%],F:1.1%,M:1.1%,n:1614",97.9,1580,76,1226,21.9,354,1.1,17,1.1,17,1614,NULL,eukaryota,0,0
GCA_000327365.2,"C:98.4%[S:38.0%,D:60.4%],F:1.1%,M:0.6%,n:1614",98.4,1588,38,613,60.4,975,1.1,17,0.6,9,1614,NULL,eukaryota,0,0
GCA_000331365.3,"C:21.6%[S:19.8%,D:1.8%],F:22.0%,M:56.4%,n:1614",21.6,349,19.8,320,1.8,29,22,355,56.4,910,1614,NULL,eukaryota,0,0
GCA_000340665.2,"C:89.9%[S:86.1%,D:3.8%],F:5.5%,M:4.6%,n:1614",89.9,1451,86.1,1390,3.8,61,5.5,89,4.6,74,1614,NULL,eukaryota,0,0
GCA_000346465.2,"C:99.3%[S:55.6%,D:43.7%],F:0.2%,M:0.5%,n:1614",99.3,1603,55.6,898,43.7,705,0.2,3,0.5,8,1614,NULL,eukaryota,0,0
GCA_000347455.1,"C:55.5%[S:53.6%,D:1.9%],F:14.7%,M:29.8%,n:1614",55.5,896,53.6,865,1.9,31,14.7,237,29.8,481,1614,NULL,eukaryota,0,0
GCA_000375325.1,"C:95.7%[S:88.5%,D:7.1%],F:2.2%,M:2.1%,n:1614",95.7,1544,88.5,1429,7.1,115,2.2,36,2.1,34,1614,NULL,eukaryota,0,0
GCA_000403535.1,"C:99.4%[S:55.3%,D:44.1%],F:0.2%,M:0.4%,n:1614",99.4,1605,55.3,893,44.1,712,0.2,3,0.4,6,1614,NULL,eukaryota,0,0
GCA_000414095.2,"C:87.2%[S:83.9%,D:3.3%],F:7.5%,M:5.3%,n:1614",87.2,1407,83.9,1354,3.3,53,7.5,121,5.3,86,1614,NULL,eukaryota,0,0
GCA_000441915.1,"C:70.5%[S:69.3%,D:1.2%],F:16.2%,M:13.3%,n:1614",70.5,1138,69.3,1119,1.2,19,16.2,262,13.3,214,1614,NULL,eukaryota,0,0
GCA_000471905.1,"C:89.9%[S:88.0%,D:1.9%],F:5.4%,M:4.7%,n:1614",89.9,1451,88,1421,1.9,30,5.4,87,4.7,76,1614,NULL,eukaryota,0,0
GCA_000478725.1,"C:98.2%[S:87.9%,D:10.3%],F:0.9%,M:0.9%,n:1614",98.2,1585,87.9,1418,10.3,167,0.9,14,0.9,15,1614,NULL,eukaryota,0,0
GCA_000493195.1,"C:93.6%[S:70.1%,D:23.5%],F:4.7%,M:1.7%,n:1614",93.6,1511,70.1,1131,23.5,380,4.7,76,1.7,27,1614,NULL,eukaryota,0,0
GCA_000499845.2,"C:98.0%[S:72.2%,D:25.8%],F:1.4%,M:0.6%,n:1614",98,1582,72.2,1166,25.8,416,1.4,23,0.6,9,1614,NULL,eukaryota,0,0
GCA_000504015.1,"C:91.3%[S:82.5%,D:8.8%],F:5.1%,M:3.6%,n:1614",91.3,1473,82.5,1331,8.8,142,5.1,83,3.6,58,1614,NULL,eukaryota,0,0
GCA_000510995.2,"C:94.1%[S:82.9%,D:11.2%],F:4.0%,M:2.0%,n:1614",94.1,1518,82.9,1338,11.2,180,4,64,2,32,1614,NULL,eukaryota,0,0
GCA_000511025.2,"C:97.3%[S:87.6%,D:9.7%],F:1.4%,M:1.3%,n:1614",97.3,1571,87.6,1414,9.7,157,1.4,22,1.3,21,1614,NULL,eukaryota,0,0
GCA_000512255.2,"C:86.5%[S:84.6%,D:1.9%],F:5.7%,M:7.8%,n:1614",86.5,1396,84.6,1365,1.9,31,5.7,92,7.8,126,1614,NULL,eukaryota,0,0
GCA_000583005.2,"C:63.7%[S:58.1%,D:5.6%],F:31.5%,M:4.8%,n:1614",63.7,1028,58.1,938,5.6,90,31.5,509,4.8,77,1614,NULL,eukaryota,0,0
GCA_000612305.2,"C:93.9%[S:63.6%,D:30.4%],F:3.4%,M:2.7%,n:1614",93.9,1516,63.6,1026,30.4,490,3.4,55,2.7,43,1614,NULL,eukaryota,0,0
GCA_000695605.1,"C:78.6%[S:45.1%,D:33.5%],F:14.6%,M:6.8%,n:1614",78.6,1268,45.1,728,33.5,540,14.6,236,6.8,110,1614,NULL,eukaryota,0,0
GCA_000696525.1,"C:91.8%[S:90.1%,D:1.7%],F:4.5%,M:3.8%,n:1614",91.8,1481,90.1,1454,1.7,27,4.5,72,3.8,61,1614,NULL,eukaryota,0,0
GCA_000708835.1,"C:69.3%[S:68.3%,D:1.1%],F:4.3%,M:26.4%,n:1614",69.3,1119,68.3,1102,1.1,17,4.3,69,26.4,426,1614,NULL,eukaryota,0,0
GCA_000722935.2,"C:90.3%[S:47.5%,D:42.8%],F:4.6%,M:5.1%,n:1614",90.3,1457,47.5,767,42.8,690,4.6,75,5.1,82,1614,NULL,eukaryota,0,0
GCA_000733195.1,"C:79.7%[S:72.6%,D:7.1%],F:1.4%,M:19.0%,n:1614",79.7,1286,72.6,1171,7.1,115,1.4,22,19,306,1614,NULL,eukaryota,0,0
GCA_000751015.1,"C:79.6%[S:42.6%,D:37.0%],F:1.9%,M:18.6%,n:1614",79.6,1284,42.6,687,37,597,1.9,30,18.6,300,1614,NULL,eukaryota,0,0
GCA_000763605.2,"C:93.2%[S:81.0%,D:12.1%],F:5.3%,M:1.5%,n:1614",93.2,1504,81,1308,12.1,196,5.3,85,1.5,25,1614,NULL,eukaryota,0,0
GCA_000787975.1,"C:71.5%[S:61.7%,D:9.8%],F:4.4%,M:24.1%,n:1614",71.5,1154,61.7,996,9.8,158,4.4,71,24.1,389,1614,NULL,eukaryota,0,0
GCA_000801105.3,"C:97.8%[S:71.6%,D:26.3%],F:0.8%,M:1.4%,n:1614",97.8,1579,71.6,1155,26.3,424,0.8,13,1.4,22,1614,NULL,eukaryota,0,0
GCA_000818735.3,"C:25.2%[S:23.5%,D:1.7%],F:22.4%,M:52.4%,n:1614",25.2,407,23.5,380,1.7,27,22.4,362,52.4,845,1614,NULL,eukaryota,0,0
GCA_001185155.1,"C:91.4%[S:89.5%,D:1.9%],F:4.5%,M:4.0%,n:1614",91.4,1476,89.5,1445,1.9,31,4.5,73,4,65,1614,NULL,eukaryota,0,0
GCA_001190045.1,"C:83.9%[S:80.9%,D:3.0%],F:7.9%,M:8.2%,n:1614",83.9,1354,80.9,1306,3,48,7.9,127,8.2,133,1614,NULL,eukaryota,0,0
GCA_001411555.2,"C:96.1%[S:64.0%,D:32.1%],F:1.4%,M:2.5%,n:1614",96.1,1551,64,1033,32.1,518,1.4,22,2.5,41,1614,NULL,eukaryota,0,0
GCA_001433935.1,"C:79.7%[S:72.9%,D:6.9%],F:9.2%,M:11.0%,n:1614",79.7,1287,72.9,1176,6.9,111,9.2,149,11,178,1614,NULL,eukaryota,0,0
GCA_001531365.2,"C:86.7%[S:82.7%,D:4.0%],F:7.0%,M:6.3%,n:1614",86.7,1399,82.7,1335,4,64,7,113,6.3,102,1614,NULL,eukaryota,0,0
GCA_001598015.1,"C:77.9%[S:75.7%,D:2.3%],F:5.5%,M:16.5%,n:1614",77.9,1258,75.7,1221,2.3,37,5.5,89,16.5,267,1614,NULL,eukaryota,0,0
GCA_001605985.2,"C:75.6%[S:73.4%,D:2.2%],F:11.2%,M:13.3%,n:1614",75.6,1220,73.4,1184,2.2,36,11.2,180,13.3,214,1614,NULL,eukaryota,0,0
GCA_001625215.2,"C:99.1%[S:94.4%,D:4.6%],F:0.4%,M:0.5%,n:1614",99.1,1599,94.4,1524,4.6,75,0.4,7,0.5,8,1614,NULL,eukaryota,0,0
GCA_001633215.2,"C:68.5%[S:66.8%,D:1.7%],F:10.0%,M:21.5%,n:1614",68.5,1106,66.8,1078,1.7,28,10,161,21.5,347,1614,NULL,eukaryota,0,0
GCA_001641455.1,"C:80.3%[S:79.2%,D:1.1%],F:4.5%,M:15.2%,n:1614",80.3,1296,79.2,1279,1.1,17,4.5,73,15.2,245,1614,NULL,eukaryota,0,0
GCA_001651475.1,"C:94.7%[S:85.3%,D:9.4%],F:3.7%,M:1.7%,n:1614",94.7,1528,85.3,1377,9.4,151,3.7,59,1.7,27,1614,NULL,eukaryota,0,0
GCA_001659605.2,"C:99.6%[S:52.4%,D:47.3%],F:0.3%,M:0.1%,n:1614",99.6,1608,52.4,845,47.3,763,0.3,5,0.1,1,1614,NULL,eukaryota,0,0
GCA_001661175.1,"C:83.0%[S:73.7%,D:9.4%],F:6.3%,M:10.7%,n:1614",83,1340,73.7,1189,9.4,151,6.3,101,10.7,173,1614,NULL,eukaryota,0,0
GCA_001692995.2,"C:79.5%[S:76.5%,D:3.0%],F:5.4%,M:15.1%,n:1614",79.5,1283,76.5,1234,3,49,5.4,87,15.1,244,1614,NULL,eukaryota,0,0
GCA_001742945.1,"C:78.2%[S:71.7%,D:6.4%],F:12.8%,M:9.0%,n:1614",78.2,1262,71.7,1158,6.4,104,12.8,206,9,146,1614,NULL,eukaryota,0,0
GCA_001865875.1,"C:92.7%[S:78.6%,D:14.1%],F:3.7%,M:3.6%,n:1614",92.7,1496,78.6,1268,14.1,228,3.7,60,3.6,58,1614,NULL,eukaryota,0,0
GCA_001876935.1,"C:78.3%[S:75.2%,D:3.2%],F:10.8%,M:10.9%,n:1614",78.3,1264,75.2,1213,3.2,51,10.8,174,10.9,176,1614,NULL,eukaryota,0,0
GCA_001879085.1,"C:92.6%[S:90.0%,D:2.6%],F:3.5%,M:3.9%,n:1614",92.6,1495,90,1453,2.6,42,3.5,56,3.9,63,1614,NULL,eukaryota,0,0
GCA_001884805.1,"C:25.0%[S:23.2%,D:1.8%],F:21.4%,M:53.7%,n:1614",25,403,23.2,374,1.8,29,21.4,345,53.7,866,1614,NULL,eukaryota,0,0
GCA_001884845.1,"C:25.0%[S:23.3%,D:1.7%],F:22.0%,M:53.0%,n:1614",25,404,23.3,376,1.7,28,22,355,53,855,1614,NULL,eukaryota,0,0
GCA_001972305.1,"C:96.7%[S:94.5%,D:2.2%],F:1.3%,M:2.0%,n:1614",96.7,1561,94.5,1525,2.2,36,1.3,21,2,32,1614,NULL,eukaryota,0,0
GCA_001974805.1,"C:88.4%[S:86.4%,D:2.0%],F:4.3%,M:7.3%,n:1614",88.4,1426,86.4,1394,2,32,4.3,70,7.3,118,1614,NULL,eukaryota,0,0
GCA_001974825.2,"C:82.3%[S:80.2%,D:2.1%],F:7.4%,M:10.3%,n:1614",82.3,1328,80.2,1294,2.1,34,7.4,119,10.3,167,1614,NULL,eukaryota,0,0
GCA_002127325.2,"C:97.1%[S:86.0%,D:11.1%],F:1.4%,M:1.5%,n:1614",97.1,1567,86,1388,11.1,179,1.4,23,1.5,24,1614,NULL,eukaryota,0,0
GCA_002174775.1,"C:92.6%[S:88.8%,D:3.7%],F:3.0%,M:4.4%,n:1614",92.6,1494,88.8,1434,3.7,60,3,49,4.4,71,1614,NULL,eukaryota,0,0
GCA_002201585.1,"C:84.0%[S:81.9%,D:2.1%],F:4.1%,M:11.9%,n:1614",84,1356,81.9,1322,2.1,34,4.1,66,11.9,192,1614,NULL,eukaryota,0,0
GCA_002211085.2,"C:99.2%[S:69.9%,D:29.3%],F:0.4%,M:0.4%,n:1614",99.2,1601,69.9,1128,29.3,473,0.4,7,0.4,6,1614,NULL,eukaryota,0,0
GCA_002220415.3,"C:98.8%[S:4.9%,D:93.9%],F:0.1%,M:1.2%,n:1614",98.8,1594,4.9,79,93.9,1515,0.1,1,1.2,19,1614,NULL,eukaryota,0,0
GCA_002271885.2,"C:81.5%[S:79.6%,D:1.9%],F:6.2%,M:12.3%,n:1614",81.5,1315,79.6,1284,1.9,31,6.2,100,12.3,199,1614,NULL,eukaryota,0,0
GCA_002271895.2,"C:79.9%[S:77.8%,D:2.1%],F:8.6%,M:11.5%,n:1614",79.9,1290,77.8,1256,2.1,34,8.6,139,11.5,185,1614,NULL,eukaryota,0,0
GCA_002738505.1,"C:97.6%[S:56.3%,D:41.3%],F:1.4%,M:1.0%,n:1614",97.6,1576,56.3,909,41.3,667,1.4,22,1,16,1614,NULL,eukaryota,0,0
GCA_002762385.1,"C:79.1%[S:67.6%,D:11.5%],F:9.3%,M:11.6%,n:1614",79.1,1276,67.6,1091,11.5,185,9.3,150,11.6,188,1614,NULL,eukaryota,0,0
GCA_002786265.1,"C:81.5%[S:80.0%,D:1.4%],F:8.4%,M:10.2%,n:1614",81.5,1315,80,1292,1.4,23,8.4,135,10.2,164,1614,NULL,eukaryota,0,0
GCA_002837095.1,"C:73.0%[S:71.6%,D:1.4%],F:19.3%,M:7.7%,n:1614",73,1178,71.6,1156,1.4,22,19.3,312,7.7,124,1614,NULL,eukaryota,0,0
GCA_002870075.4,"C:91.1%[S:87.9%,D:3.2%],F:2.2%,M:6.6%,n:1614",91.1,1471,87.9,1419,3.2,52,2.2,36,6.6,107,1614,NULL,eukaryota,0,0
GCA_002897195.1,"C:92.0%[S:62.0%,D:30.0%],F:4.6%,M:3.3%,n:1614",92,1485,62,1000,30,485,4.6,75,3.3,54,1614,NULL,eukaryota,0,0
GCA_002906115.5,"C:79.7%[S:73.1%,D:6.6%],F:10.2%,M:10.0%,n:1614",79.7,1287,73.1,1180,6.6,107,10.2,165,10,162,1614,NULL,eukaryota,0,0
GCA_002914805.1,"C:92.9%[S:91.8%,D:1.2%],F:5.4%,M:1.7%,n:1614",92.9,1500,91.8,1481,1.2,19,5.4,87,1.7,27,1614,NULL,eukaryota,0,0
GCA_002914845.1,"C:92.3%[S:90.3%,D:2.0%],F:5.9%,M:1.9%,n:1614",92.3,1489,90.3,1457,2,32,5.9,95,1.9,30,1614,NULL,eukaryota,0,0
GCA_002926015.1,"C:80.6%[S:74.2%,D:6.4%],F:8.1%,M:11.3%,n:1614",80.6,1301,74.2,1198,6.4,103,8.1,130,11.3,183,1614,NULL,eukaryota,0,0
GCA_002928715.1,"C:79.7%[S:69.4%,D:10.3%],F:7.6%,M:12.7%,n:1614",79.7,1287,69.4,1120,10.3,167,7.6,122,12.7,205,1614,NULL,eukaryota,0,0
GCA_002966975.2,"C:80.7%[S:53.2%,D:27.4%],F:7.9%,M:11.5%,n:1614",80.7,1302,53.2,859,27.4,443,7.9,127,11.5,185,1614,NULL,eukaryota,0,0
GCA_002994745.2,"C:97.1%[S:92.8%,D:4.3%],F:2.0%,M:0.9%,n:1614",97.1,1567,92.8,1498,4.3,69,2,32,0.9,15,1614,NULL,eukaryota,0,0
GCA_003024255.1,"C:94.4%[S:73.6%,D:20.8%],F:2.5%,M:3.0%,n:1614",94.4,1524,73.6,1188,20.8,336,2.5,41,3,49,1614,NULL,eukaryota,0,0
GCA_003032435.1,"C:87.5%[S:68.8%,D:18.6%],F:1.2%,M:11.3%,n:1614",87.5,1412,68.8,1111,18.6,301,1.2,20,11.3,182,1614,NULL,eukaryota,0,0
GCA_003046395.2,"C:94.8%[S:35.1%,D:59.7%],F:2.2%,M:3.0%,n:1614",94.8,1530,35.1,567,59.7,963,2.2,36,3,48,1614,NULL,eukaryota,0,0
GCA_003061485.1,"C:99.3%[S:73.5%,D:25.8%],F:0.3%,M:0.4%,n:1614",99.3,1602,73.5,1186,25.8,416,0.3,5,0.4,7,1614,NULL,eukaryota,0,0
GCA_003112345.1,"C:90.5%[S:56.5%,D:34.0%],F:2.8%,M:6.7%,n:1614",90.5,1461,56.5,912,34,549,2.8,45,6.7,108,1614,NULL,eukaryota,0,0
GCA_003185045.1,"C:87.2%[S:62.5%,D:24.7%],F:8.2%,M:4.6%,n:1614",87.2,1407,62.5,1009,24.7,398,8.2,133,4.6,74,1614,NULL,eukaryota,0,0
GCA_003260385.1,"C:84.9%[S:82.5%,D:2.5%],F:2.3%,M:12.8%,n:1614",84.9,1371,82.5,1331,2.5,40,2.3,37,12.8,206,1614,NULL,eukaryota,0,0
GCA_003260635.2,"C:40.8%[S:36.7%,D:4.0%],F:17.3%,M:41.9%,n:1614",40.8,658,36.7,593,4,65,17.3,279,41.9,677,1614,NULL,eukaryota,0,0
GCA_003260655.2,"C:71.9%[S:64.7%,D:7.2%],F:8.2%,M:19.8%,n:1614",71.9,1161,64.7,1044,7.2,117,8.2,133,19.8,320,1614,NULL,eukaryota,0,0
GCA_003260675.2,"C:58.3%[S:52.3%,D:6.0%],F:12.1%,M:29.6%,n:1614",58.3,941,52.3,844,6,97,12.1,196,29.6,477,1614,NULL,eukaryota,0,0
GCA_003260695.2,"C:40.0%[S:36.5%,D:3.5%],F:17.5%,M:42.5%,n:1614",40,646,36.5,589,3.5,57,17.5,282,42.5,686,1614,NULL,eukaryota,0,0
GCA_003370565.1,"C:84.0%[S:81.2%,D:2.8%],F:6.3%,M:9.8%,n:1614",84,1355,81.2,1310,2.8,45,6.3,101,9.8,158,1614,NULL,eukaryota,0,0
GCA_003427395.1,"C:48.0%[S:43.2%,D:4.8%],F:9.5%,M:42.5%,n:1614",48,775,43.2,698,4.8,77,9.5,153,42.5,686,1614,NULL,eukaryota,0,0
GCA_003434825.1,"C:96.3%[S:78.9%,D:17.4%],F:2.0%,M:1.7%,n:1614",96.3,1554,78.9,1273,17.4,281,2,32,1.7,28,1614,NULL,eukaryota,0,0
GCA_003473485.2,"C:97.3%[S:92.6%,D:4.7%],F:2.0%,M:0.7%,n:1614",97.3,1571,92.6,1495,4.7,76,2,32,0.7,11,1614,NULL,eukaryota,0,0
GCA_003490085.1,"C:3.5%[S:3.2%,D:0.2%],F:18.2%,M:78.3%,n:1614",3.5,56,3.2,52,0.2,4,18.2,294,78.3,1264,1614,NULL,eukaryota,0,0
GCA_003546025.1,"C:87.5%[S:82.0%,D:5.5%],F:3.7%,M:8.9%,n:1614",87.5,1412,82,1324,5.5,88,3.7,59,8.9,143,1614,NULL,eukaryota,0,0
GCA_003573695.1,"C:90.6%[S:35.5%,D:55.1%],F:3.0%,M:6.4%,n:1614",90.6,1463,35.5,573,55.1,890,3,48,6.4,103,1614,NULL,eukaryota,0,0
GCA_003713155.1,"C:96.3%[S:13.4%,D:82.9%],F:0.4%,M:3.2%,n:1614",96.3,1555,13.4,217,82.9,1338,0.4,7,3.2,52,1614,NULL,eukaryota,0,0
GCA_003952965.2,"C:80.2%[S:69.0%,D:11.2%],F:6.8%,M:13.1%,n:1614",80.2,1294,69,1113,11.2,181,6.8,109,13.1,211,1614,NULL,eukaryota,0,0
GCA_003958685.2,"C:96.0%[S:92.5%,D:3.5%],F:2.3%,M:1.7%,n:1614",96,1550,92.5,1493,3.5,57,2.3,37,1.7,27,1614,NULL,eukaryota,0,0
GCA_004007595.1,"C:75.4%[S:66.9%,D:8.6%],F:8.7%,M:15.9%,n:1614",75.4,1217,66.9,1079,8.6,138,8.7,141,15.9,256,1614,NULL,eukaryota,0,0
GCA_004011995.1,"C:63.8%[S:34.6%,D:29.2%],F:23.0%,M:13.2%,n:1614",63.8,1029,34.6,558,29.2,471,23,372,13.2,213,1614,NULL,eukaryota,0,0
GCA_004114815.1,"C:82.0%[S:78.6%,D:3.4%],F:4.2%,M:13.8%,n:1614",82,1324,78.6,1269,3.4,55,4.2,68,13.8,222,1614,NULL,eukaryota,0,0
GCA_004115005.2,"C:87.4%[S:75.2%,D:12.2%],F:7.4%,M:5.1%,n:1614",87.4,1411,75.2,1214,12.2,197,7.4,120,5.1,83,1614,NULL,eukaryota,0,0
GCA_004115385.1,"C:93.6%[S:63.4%,D:30.2%],F:1.5%,M:4.9%,n:1614",93.6,1511,63.4,1024,30.2,487,1.5,24,4.9,79,1614,NULL,eukaryota,0,0
GCA_004153795.2,"C:67.8%[S:61.2%,D:6.6%],F:12.3%,M:19.8%,n:1614",67.8,1095,61.2,988,6.6,107,12.3,199,19.8,320,1614,NULL,eukaryota,0,0
GCA_004170445.1,"C:95.6%[S:16.6%,D:79.0%],F:1.2%,M:3.2%,n:1614",95.6,1543,16.6,268,79,1275,1.2,20,3.2,51,1614,NULL,eukaryota,0,0
GCA_004193775.2,"C:98.5%[S:25.2%,D:73.2%],F:1.1%,M:0.4%,n:1614",98.5,1589,25.2,407,73.2,1182,1.1,18,0.4,7,1614,NULL,eukaryota,0,0
GCA_004295705.1,"C:13.0%[S:11.8%,D:1.2%],F:1.5%,M:85.5%,n:1614",13,210,11.8,190,1.2,20,1.5,24,85.5,1380,1614,NULL,eukaryota,0,0
GCA_004303085.2,"C:83.1%[S:79.8%,D:3.3%],F:1.9%,M:15.1%,n:1614",83.1,1341,79.8,1288,3.3,53,1.9,30,15.1,243,1614,NULL,eukaryota,0,0
GCA_004320505.1,"C:94.2%[S:91.4%,D:2.8%],F:2.9%,M:2.9%,n:1614",94.2,1521,91.4,1476,2.8,45,2.9,46,2.9,47,1614,NULL,eukaryota,0,0
GCA_004329165.1,"C:89.5%[S:85.1%,D:4.4%],F:7.7%,M:2.8%,n:1614",89.5,1444,85.1,1373,4.4,71,7.7,125,2.8,45,1614,NULL,eukaryota,0,0
GCA_004379255.2,"C:94.1%[S:31.1%,D:63.0%],F:2.4%,M:3.5%,n:1614",94.1,1519,31.1,502,63,1017,2.4,39,3.5,56,1614,NULL,eukaryota,0,0
GCA_004837865.1,"C:86.9%[S:82.3%,D:4.5%],F:4.5%,M:8.6%,n:1614",86.9,1402,82.3,1329,4.5,73,4.5,73,8.6,139,1614,NULL,eukaryota,0,0
GCA_005223365.2,"C:86.3%[S:63.9%,D:22.4%],F:4.9%,M:8.8%,n:1614",86.3,1393,63.9,1031,22.4,362,4.9,79,8.8,142,1614,NULL,eukaryota,0,0
GCA_005239225.1,"C:96.5%[S:80.4%,D:16.0%],F:1.0%,M:2.5%,n:1614",96.5,1557,80.4,1298,16,259,1,16,2.5,41,1614,NULL,eukaryota,0,0
GCA_005286985.2,"C:99.6%[S:64.2%,D:35.4%],F:0.4%,M:0.0%,n:1614",99.6,1608,64.2,1036,35.4,572,0.4,6,0,0,1614,NULL,eukaryota,0,0
GCA_005393395.2,"C:75.6%[S:64.9%,D:10.7%],F:6.7%,M:17.7%,n:1614",75.6,1220,64.9,1047,10.7,173,6.7,108,17.7,286,1614,NULL,eukaryota,0,0
GCA_005549215.1,"C:79.3%[S:77.9%,D:1.4%],F:8.2%,M:12.5%,n:1614",79.3,1280,77.9,1257,1.4,23,8.2,132,12.5,202,1614,NULL,eukaryota,0,0
GCA_005549225.1,"C:76.1%[S:74.8%,D:1.3%],F:10.1%,M:13.8%,n:1614",76.1,1229,74.8,1208,1.3,21,10.1,163,13.8,222,1614,NULL,eukaryota,0,0
GCA_006013705.1,"C:85.6%[S:84.5%,D:1.1%],F:2.0%,M:12.3%,n:1614",85.6,1382,84.5,1364,1.1,18,2,33,12.3,199,1614,NULL,eukaryota,0,0
GCA_006381635.2,"C:86.8%[S:47.5%,D:39.3%],F:6.1%,M:7.1%,n:1614",86.8,1401,47.5,766,39.3,635,6.1,99,7.1,114,1614,NULL,eukaryota,0,0
GCA_006547085.1,"C:88.1%[S:62.4%,D:25.7%],F:5.3%,M:6.6%,n:1614",88.1,1422,62.4,1007,25.7,415,5.3,86,6.6,106,1614,NULL,eukaryota,0,0
GCA_006937295.1,"C:83.8%[S:72.5%,D:11.3%],F:3.2%,M:12.9%,n:1614",83.8,1353,72.5,1170,11.3,183,3.2,52,12.9,209,1614,NULL,eukaryota,0,0
GCA_007726485.1,"C:91.0%[S:64.1%,D:26.9%],F:2.7%,M:6.4%,n:1614",91,1468,64.1,1034,26.9,434,2.7,43,6.4,103,1614,NULL,eukaryota,0,0
GCA_007844105.2,"C:96.2%[S:92.2%,D:4.0%],F:1.2%,M:2.6%,n:1614",96.2,1552,92.2,1488,4,64,1.2,20,2.6,42,1614,NULL,eukaryota,0,0
GCA_007990325.1,"C:99.8%[S:5.8%,D:94.1%],F:0.1%,M:0.1%,n:1614",99.8,1611,5.8,93,94.1,1518,0.1,1,0.1,2,1614,NULL,eukaryota,0,0
GCA_007990345.1,"C:99.4%[S:5.0%,D:94.4%],F:0.4%,M:0.2%,n:1614",99.4,1604,5,81,94.4,1523,0.4,6,0.2,4,1614,NULL,eukaryota,0,0
GCA_007990455.1,"C:99.3%[S:5.0%,D:94.4%],F:0.5%,M:0.2%,n:1614",99.3,1603,5,80,94.4,1523,0.5,8,0.2,3,1614,NULL,eukaryota,0,0
GCA_007990485.1,"C:99.8%[S:4.6%,D:95.2%],F:0.1%,M:0.1%,n:1614",99.8,1610,4.6,74,95.2,1536,0.1,2,0.1,2,1614,NULL,eukaryota,0,0
GCA_008009225.1,"C:92.6%[S:88.8%,D:3.8%],F:2.6%,M:4.8%,n:1614",92.6,1494,88.8,1433,3.8,61,2.6,42,4.8,78,1614,NULL,eukaryota,0,0
GCA_008124465.1,"C:69.0%[S:65.0%,D:4.0%],F:15.7%,M:15.2%,n:1614",69,1114,65,1049,4,65,15.7,254,15.2,246,1614,NULL,eukaryota,0,0
GCA_008632915.2,"C:62.8%[S:58.8%,D:4.0%],F:7.7%,M:29.5%,n:1614",62.8,1013,58.8,949,4,64,7.7,125,29.5,476,1614,NULL,eukaryota,0,0
GCA_008636005.1,"C:90.5%[S:84.1%,D:6.4%],F:3.3%,M:6.1%,n:1614",90.5,1461,84.1,1358,6.4,103,3.3,54,6.1,99,1614,NULL,eukaryota,0,0
GCA_008638375.1,"C:87.8%[S:81.2%,D:6.6%],F:7.7%,M:4.5%,n:1614",87.8,1417,81.2,1310,6.6,107,7.7,125,4.5,72,1614,NULL,eukaryota,0,0
GCA_008761655.1,"C:99.6%[S:4.8%,D:94.9%],F:0.2%,M:0.2%,n:1614",99.6,1608,4.8,77,94.9,1531,0.2,3,0.2,3,1614,NULL,eukaryota,0,0
GCA_008932095.1,"C:90.7%[S:62.5%,D:28.2%],F:1.6%,M:7.7%,n:1614",90.7,1464,62.5,1009,28.2,455,1.6,26,7.7,124,1614,NULL,eukaryota,0,0
GCA_009078335.1,"C:92.8%[S:81.3%,D:11.5%],F:2.6%,M:4.6%,n:1614",92.8,1498,81.3,1312,11.5,186,2.6,42,4.6,74,1614,NULL,eukaryota,0,0
GCA_009363875.1,"C:88.3%[S:64.1%,D:24.2%],F:3.9%,M:7.8%,n:1614",88.3,1425,64.1,1035,24.2,390,3.9,63,7.8,126,1614,NULL,eukaryota,0,0
GCA_009445465.1,"C:64.3%[S:62.0%,D:2.3%],F:18.6%,M:17.1%,n:1614",64.3,1037,62,1000,2.3,37,18.6,301,17.1,276,1614,NULL,eukaryota,0,0
GCA_009746105.1,"C:77.0%[S:74.5%,D:2.5%],F:12.0%,M:11.0%,n:1614",77,1242,74.5,1202,2.5,40,12,194,11,178,1614,NULL,eukaryota,0,0
GCA_009771035.1,"C:96.0%[S:83.7%,D:12.3%],F:2.9%,M:1.1%,n:1614",96,1549,83.7,1351,12.3,198,2.9,47,1.1,18,1614,NULL,eukaryota,0,0
GCA_009797565.1,"C:99.4%[S:72.1%,D:27.3%],F:0.3%,M:0.3%,n:1614",99.4,1604,72.1,1163,27.3,441,0.3,5,0.3,5,1614,NULL,eukaryota,0,0
GCA_009905375.1,"C:4.8%[S:4.6%,D:0.1%],F:1.0%,M:94.2%,n:1614",4.8,77,4.6,75,0.1,2,1,16,94.2,1521,1614,NULL,eukaryota,0,0
GCA_009936355.2,"C:87.4%[S:68.6%,D:18.7%],F:1.2%,M:11.4%,n:1614",87.4,1410,68.6,1108,18.7,302,1.2,20,11.4,184,1614,NULL,eukaryota,0,0
GCA_010261695.1,"C:94.2%[S:82.0%,D:12.2%],F:0.9%,M:4.9%,n:1614",94.2,1521,82,1324,12.2,197,0.9,14,4.9,79,1614,NULL,eukaryota,0,0
GCA_010458925.1,"C:68.8%[S:54.8%,D:14.1%],F:15.0%,M:16.2%,n:1614",68.8,1111,54.8,884,14.1,227,15,242,16.2,261,1614,NULL,eukaryota,0,0
GCA_011114355.1,"C:84.9%[S:78.3%,D:6.7%],F:2.4%,M:12.6%,n:1614",84.9,1371,78.3,1263,6.7,108,2.4,39,12.6,204,1614,NULL,eukaryota,0,0
GCA_011745845.1,"C:87.5%[S:85.7%,D:1.9%],F:7.2%,M:5.3%,n:1614",87.5,1413,85.7,1383,1.9,30,7.2,116,5.3,85,1614,NULL,eukaryota,0,0
GCA_011745865.1,"C:82.6%[S:80.7%,D:1.9%],F:8.9%,M:8.6%,n:1614",82.6,1333,80.7,1303,1.9,30,8.9,143,8.6,138,1614,NULL,eukaryota,0,0
GCA_011799765.1,"C:79.9%[S:76.5%,D:3.4%],F:10.3%,M:9.9%,n:1614",79.9,1289,76.5,1234,3.4,55,10.3,166,9.9,159,1614,NULL,eukaryota,0,0
GCA_012273815.2,"C:98.2%[S:29.5%,D:68.7%],F:0.6%,M:1.2%,n:1614",98.2,1585,29.5,476,68.7,1109,0.6,9,1.2,20,1614,NULL,eukaryota,0,0
GCA_012274485.2,"C:98.3%[S:68.6%,D:29.7%],F:1.2%,M:0.4%,n:1614",98.3,1587,68.6,1108,29.7,479,1.2,20,0.4,7,1614,NULL,eukaryota,0,0
GCA_012923435.1,"C:91.9%[S:79.2%,D:12.6%],F:3.1%,M:5.0%,n:1614",91.9,1483,79.2,1279,12.6,204,3.1,50,5,81,1614,NULL,eukaryota,0,0
GCA_013030025.1,"C:93.0%[S:59.7%,D:33.3%],F:2.2%,M:4.8%,n:1614",93,1501,59.7,963,33.3,538,2.2,35,4.8,78,1614,NULL,eukaryota,0,0
GCA_013358455.1,"C:86.2%[S:83.4%,D:2.9%],F:9.0%,M:4.8%,n:1614",86.2,1392,83.4,1346,2.9,46,9,145,4.8,77,1614,NULL,eukaryota,0,0
GCA_013401445.1,"C:92.3%[S:78.6%,D:13.7%],F:4.2%,M:3.6%,n:1614",92.3,1489,78.6,1268,13.7,221,4.2,67,3.6,58,1614,NULL,eukaryota,0,0
GCA_013467465.1,"C:57.0%[S:53.4%,D:3.6%],F:8.2%,M:34.8%,n:1614",57,920,53.4,862,3.6,58,8.2,132,34.8,562,1614,NULL,eukaryota,0,0
GCA_013467475.1,"C:49.6%[S:46.7%,D:2.9%],F:15.9%,M:34.4%,n:1614",49.6,801,46.7,754,2.9,47,15.9,257,34.4,556,1614,NULL,eukaryota,0,0
GCA_013467485.1,"C:43.3%[S:40.3%,D:3.0%],F:15.9%,M:40.8%,n:1614",43.3,699,40.3,651,3,48,15.9,257,40.8,658,1614,NULL,eukaryota,0,0
GCA_013467495.1,"C:41.6%[S:38.5%,D:3.2%],F:7.1%,M:51.3%,n:1614",41.6,672,38.5,621,3.2,51,7.1,114,51.3,828,1614,NULL,eukaryota,0,0
GCA_013487665.1,"C:40.5%[S:37.5%,D:3.0%],F:17.2%,M:42.3%,n:1614",40.5,654,37.5,605,3,49,17.2,278,42.3,682,1614,NULL,eukaryota,0,0
GCA_013511315.1,"C:51.6%[S:47.6%,D:4.0%],F:11.6%,M:36.7%,n:1614",51.6,833,47.6,768,4,65,11.6,188,36.7,593,1614,NULL,eukaryota,0,0
GCA_013676235.1,"C:81.2%[S:75.8%,D:5.3%],F:7.6%,M:11.3%,n:1614",81.2,1310,75.8,1224,5.3,86,7.6,122,11.3,182,1614,NULL,eukaryota,0,0
GCA_013677235.1,"C:56.4%[S:52.5%,D:3.9%],F:9.9%,M:33.7%,n:1614",56.4,911,52.5,848,3.9,63,9.9,159,33.7,544,1614,NULL,eukaryota,0,0
GCA_013677245.1,"C:56.9%[S:53.3%,D:3.5%],F:8.9%,M:34.3%,n:1614",56.9,918,53.3,861,3.5,57,8.9,143,34.3,553,1614,NULL,eukaryota,0,0
GCA_013677255.1,"C:41.8%[S:39.4%,D:2.4%],F:17.0%,M:41.2%,n:1614",41.8,675,39.4,636,2.4,39,17,274,41.2,665,1614,NULL,eukaryota,0,0
GCA_013677265.1,"C:43.8%[S:40.6%,D:3.2%],F:16.0%,M:40.1%,n:1614",43.8,707,40.6,656,3.2,51,16,259,40.1,648,1614,NULL,eukaryota,0,0
GCA_013677275.1,"C:59.8%[S:55.5%,D:4.3%],F:7.2%,M:33.0%,n:1614",59.8,965,55.5,896,4.3,69,7.2,117,33,532,1614,NULL,eukaryota,0,0
GCA_014058105.1,"C:75.9%[S:69.8%,D:6.1%],F:15.1%,M:9.0%,n:1614",75.9,1225,69.8,1127,6.1,98,15.1,244,9,145,1614,NULL,eukaryota,0,0
GCA_014180765.2,"C:79.9%[S:77.9%,D:2.0%],F:2.9%,M:17.3%,n:1614",79.9,1289,77.9,1257,2,32,2.9,46,17.3,279,1614,NULL,eukaryota,0,0
GCA_014282035.1,"C:88.9%[S:56.6%,D:32.3%],F:2.0%,M:9.0%,n:1614",88.9,1435,56.6,913,32.3,522,2,33,9,146,1614,NULL,eukaryota,0,0
GCA_014282085.1,"C:66.7%[S:50.2%,D:16.5%],F:2.7%,M:30.7%,n:1614",66.7,1076,50.2,810,16.5,266,2.7,43,30.7,495,1614,NULL,eukaryota,0,0
GCA_014282095.1,"C:95.8%[S:48.9%,D:47.0%],F:2.2%,M:2.0%,n:1614",95.8,1547,48.9,789,47,758,2.2,35,2,32,1614,NULL,eukaryota,0,0
GCA_014282145.1,"C:96.6%[S:47.2%,D:49.4%],F:1.2%,M:2.2%,n:1614",96.6,1559,47.2,762,49.4,797,1.2,19,2.2,36,1614,NULL,eukaryota,0,0
GCA_014282245.1,"C:90.0%[S:82.4%,D:7.6%],F:3.4%,M:6.6%,n:1614",90,1453,82.4,1330,7.6,123,3.4,55,6.6,106,1614,NULL,eukaryota,0,0
GCA_014282345.1,"C:97.9%[S:46.3%,D:51.6%],F:0.6%,M:1.5%,n:1614",97.9,1580,46.3,747,51.6,833,0.6,9,1.5,25,1614,NULL,eukaryota,0,0
GCA_014319735.1,"C:0.1%[S:0.1%,D:0.0%],F:0.2%,M:99.6%,n:1614",0.1,2,0.1,2,0,0,0.2,4,99.6,1608,1614,NULL,eukaryota,0,0
GCA_014362265.1,"C:66.7%[S:53.2%,D:13.4%],F:16.7%,M:16.7%,n:1614",66.7,1076,53.2,859,13.4,217,16.7,269,16.7,269,1614,NULL,eukaryota,0,0
GCA_014529385.2,"C:84.0%[S:70.1%,D:13.9%],F:4.0%,M:12.0%,n:1614",84,1355,70.1,1131,13.9,224,4,65,12,194,1614,NULL,eukaryota,0,0
GCA_014851425.1,"C:89.8%[S:84.7%,D:5.1%],F:4.0%,M:6.2%,n:1614",89.8,1449,84.7,1367,5.1,82,4,65,6.2,100,1614,NULL,eukaryota,0,0
GCA_014858505.1,"C:95.5%[S:66.7%,D:28.8%],F:3.6%,M:0.9%,n:1614",95.5,1542,66.7,1077,28.8,465,3.6,58,0.9,14,1614,NULL,eukaryota,0,0
GCA_014871385.1,"C:86.7%[S:62.4%,D:24.3%],F:2.3%,M:11.0%,n:1614",86.7,1400,62.4,1007,24.3,393,2.3,37,11,177,1614,NULL,eukaryota,0,0
GCA_014871845.1,"C:87.4%[S:63.8%,D:23.6%],F:2.0%,M:10.6%,n:1614",87.4,1410,63.8,1029,23.6,381,2,33,10.6,171,1614,NULL,eukaryota,0,0
GCA_014905375.1,"C:84.3%[S:79.8%,D:4.5%],F:9.7%,M:6.0%,n:1614",84.3,1360,79.8,1288,4.5,72,9.7,157,6,97,1614,NULL,eukaryota,0,0
GCA_015143295.1,"C:83.2%[S:73.1%,D:10.1%],F:7.9%,M:8.9%,n:1614",83.2,1343,73.1,1180,10.1,163,7.9,128,8.9,143,1614,NULL,eukaryota,0,0
GCA_015342445.1,"C:95.0%[S:15.7%,D:79.3%],F:1.3%,M:3.7%,n:1614",95,1533,15.7,253,79.3,1280,1.3,21,3.7,60,1614,NULL,eukaryota,0,0
GCA_015680905.1,"C:78.9%[S:72.9%,D:6.1%],F:9.8%,M:11.3%,n:1614",78.9,1274,72.9,1176,6.1,98,9.8,158,11.3,182,1614,NULL,eukaryota,0,0
GCA_015731905.1,"C:91.5%[S:83.3%,D:8.2%],F:2.0%,M:6.5%,n:1614",91.5,1477,83.3,1344,8.2,133,2,32,6.5,105,1614,NULL,eukaryota,0,0
GCA_015852605.2,"C:94.8%[S:54.3%,D:40.5%],F:2.2%,M:3.0%,n:1614",94.8,1530,54.3,876,40.5,654,2.2,35,3,49,1614,NULL,eukaryota,0,0
GCA_015952705.1,"C:96.2%[S:78.6%,D:17.5%],F:1.9%,M:1.9%,n:1614",96.2,1552,78.6,1269,17.5,283,1.9,31,1.9,31,1614,NULL,eukaryota,0,0
GCA_016081115.2,"C:97.0%[S:44.8%,D:52.2%],F:0.6%,M:2.4%,n:1614",97,1565,44.8,723,52.2,842,0.6,10,2.4,39,1614,NULL,eukaryota,0,0
GCA_016413885.1,"C:74.9%[S:65.4%,D:9.5%],F:11.7%,M:13.4%,n:1614",74.9,1209,65.4,1056,9.5,153,11.7,189,13.4,216,1614,NULL,eukaryota,0,0
GCA_016413895.1,"C:75.3%[S:65.2%,D:10.2%],F:11.5%,M:13.1%,n:1614",75.3,1216,65.2,1052,10.2,164,11.5,186,13.1,212,1614,NULL,eukaryota,0,0
GCA_016771965.1,"C:91.4%[S:22.4%,D:69.0%],F:1.7%,M:6.9%,n:1614",91.4,1475,22.4,361,69,1114,1.7,28,6.9,111,1614,NULL,eukaryota,0,0
GCA_016808095.1,"C:92.3%[S:89.5%,D:2.9%],F:3.6%,M:4.1%,n:1614",92.3,1490,89.5,1444,2.9,46,3.6,58,4.1,66,1614,NULL,eukaryota,0,0
GCA_016808215.1,"C:98.6%[S:46.5%,D:52.1%],F:0.9%,M:0.5%,n:1614",98.6,1592,46.5,751,52.1,841,0.9,14,0.5,8,1614,NULL,eukaryota,0,0
GCA_016808335.1,"C:99.8%[S:8.4%,D:91.4%],F:0.2%,M:0.1%,n:1614",99.8,1610,8.4,135,91.4,1475,0.2,3,0.1,1,1614,NULL,eukaryota,0,0
GCA_017552425.1,"C:95.8%[S:78.9%,D:16.9%],F:2.7%,M:1.5%,n:1614",95.8,1546,78.9,1273,16.9,273,2.7,44,1.5,24,1614,NULL,eukaryota,0,0
GCA_017639395.1,"C:91.0%[S:77.6%,D:13.3%],F:1.2%,M:7.9%,n:1614",91,1468,77.6,1253,13.3,215,1.2,19,7.9,127,1614,NULL,eukaryota,0,0
GCA_018107945.1,"C:85.2%[S:83.6%,D:1.6%],F:10.1%,M:4.7%,n:1614",85.2,1375,83.6,1349,1.6,26,10.1,163,4.7,76,1614,NULL,eukaryota,0,0
GCA_018127125.1,"C:91.0%[S:60.1%,D:30.9%],F:4.0%,M:5.0%,n:1614",91,1468,60.1,970,30.9,498,4,65,5,81,1614,NULL,eukaryota,0,0
GCA_018258275.1,"C:86.0%[S:83.3%,D:2.7%],F:9.8%,M:4.2%,n:1614",86,1388,83.3,1344,2.7,44,9.8,158,4.2,68,1614,NULL,eukaryota,0,0
GCA_018446385.1,"C:91.1%[S:19.8%,D:71.3%],F:4.5%,M:4.4%,n:1614",91.1,1470,19.8,319,71.3,1151,4.5,73,4.4,71,1614,NULL,eukaryota,0,0
GCA_018687715.1,"C:96.3%[S:61.5%,D:34.9%],F:2.6%,M:1.1%,n:1614",96.3,1555,61.5,992,34.9,563,2.6,42,1.1,17,1614,NULL,eukaryota,0,0
GCA_018688675.1,"C:98.1%[S:50.2%,D:48.0%],F:1.2%,M:0.6%,n:1614",98.1,1584,50.2,810,48,774,1.2,20,0.6,10,1614,NULL,eukaryota,0,0
GCA_018689175.1,"C:94.5%[S:51.2%,D:43.4%],F:1.7%,M:3.8%,n:1614",94.5,1526,51.2,826,43.4,700,1.7,27,3.8,61,1614,NULL,eukaryota,0,0
GCA_018691285.1,"C:97.3%[S:81.5%,D:15.7%],F:1.0%,M:1.7%,n:1614",97.3,1570,81.5,1316,15.7,254,1,16,1.7,28,1614,NULL,eukaryota,0,0
GCA_018804465.1,"C:95.8%[S:16.7%,D:79.2%],F:1.7%,M:2.4%,n:1614",95.8,1547,16.7,269,79.2,1278,1.7,28,2.4,39,1614,NULL,eukaryota,0,0
GCA_019202795.1,"C:99.8%[S:6.2%,D:93.6%],F:0.2%,M:0.1%,n:1614",99.8,1610,6.2,100,93.6,1510,0.2,3,0.1,1,1614,NULL,eukaryota,0,0
GCA_019202805.1,"C:99.5%[S:5.1%,D:94.4%],F:0.1%,M:0.4%,n:1614",99.5,1606,5.1,83,94.4,1523,0.1,2,0.4,6,1614,NULL,eukaryota,0,0
GCA_019279435.1,"C:84.9%[S:50.5%,D:34.4%],F:10.0%,M:5.0%,n:1614",84.9,1371,50.5,815,34.4,556,10,162,5,81,1614,NULL,eukaryota,0,0
GCA_019321725.1,"C:97.5%[S:84.0%,D:13.5%],F:1.7%,M:0.8%,n:1614",97.5,1574,84,1356,13.5,218,1.7,27,0.8,13,1614,NULL,eukaryota,0,0
GCA_019426215.1,"C:93.3%[S:86.4%,D:6.9%],F:3.1%,M:3.6%,n:1614",93.3,1506,86.4,1394,6.9,112,3.1,50,3.6,58,1614,NULL,eukaryota,0,0
GCA_019455425.1,"C:83.0%[S:78.0%,D:5.0%],F:1.7%,M:15.3%,n:1614",83,1339,78,1259,5,80,1.7,28,15.3,247,1614,NULL,eukaryota,0,0
GCA_019511825.2,"C:85.9%[S:23.9%,D:62.1%],F:2.2%,M:11.9%,n:1614",85.9,1387,23.9,385,62.1,1002,2.2,35,11.9,192,1614,NULL,eukaryota,0,0
GCA_019512045.2,"C:82.7%[S:79.4%,D:3.3%],F:1.7%,M:15.6%,n:1614",82.7,1334,79.4,1281,3.3,53,1.7,28,15.6,252,1614,NULL,eukaryota,0,0
GCA_019722365.1,"C:78.6%[S:69.0%,D:9.7%],F:10.2%,M:11.2%,n:1614",78.6,1269,69,1113,9.7,156,10.2,165,11.2,180,1614,NULL,eukaryota,0,0
GCA_019776745.2,"C:50.4%[S:46.6%,D:3.8%],F:22.3%,M:27.3%,n:1614",50.4,814,46.6,752,3.8,62,22.3,360,27.3,440,1614,NULL,eukaryota,0,0
GCA_019845555.1,"C:96.4%[S:94.1%,D:2.3%],F:1.4%,M:2.2%,n:1614",96.4,1556,94.1,1519,2.3,37,1.4,22,2.2,36,1614,NULL,eukaryota,0,0
GCA_019925795.1,"C:77.3%[S:72.4%,D:4.9%],F:5.5%,M:17.2%,n:1614",77.3,1248,72.4,1169,4.9,79,5.5,88,17.2,278,1614,NULL,eukaryota,0,0
GCA_020169535.1,"C:91.2%[S:87.9%,D:3.3%],F:3.1%,M:5.7%,n:1614",91.2,1472,87.9,1419,3.3,53,3.1,50,5.7,92,1614,NULL,eukaryota,0,0
GCA_020169555.1,"C:89.0%[S:86.2%,D:2.8%],F:2.7%,M:8.2%,n:1614",89,1437,86.2,1392,2.8,45,2.7,44,8.2,133,1614,NULL,eukaryota,0,0
GCA_020169575.1,"C:90.3%[S:87.6%,D:2.7%],F:3.0%,M:6.6%,n:1614",90.3,1458,87.6,1414,2.7,44,3,49,6.6,107,1614,NULL,eukaryota,0,0
GCA_020169585.1,"C:92.1%[S:88.5%,D:3.6%],F:2.5%,M:5.5%,n:1614",92.1,1486,88.5,1428,3.6,58,2.5,40,5.5,88,1614,NULL,eukaryota,0,0
GCA_020310875.1,"C:84.0%[S:33.7%,D:50.3%],F:4.8%,M:11.2%,n:1614",84,1356,33.7,544,50.3,812,4.8,77,11.2,181,1614,NULL,eukaryota,0,0
GCA_020379485.1,"C:96.1%[S:10.5%,D:85.6%],F:0.5%,M:3.4%,n:1614",96.1,1551,10.5,169,85.6,1382,0.5,8,3.4,55,1614,NULL,eukaryota,0,0
GCA_020424065.1,"C:89.2%[S:79.7%,D:9.4%],F:3.7%,M:7.2%,n:1614",89.2,1439,79.7,1287,9.4,152,3.7,59,7.2,116,1614,NULL,eukaryota,0,0
GCA_020496765.1,"C:97.7%[S:91.1%,D:6.6%],F:1.4%,M:0.9%,n:1614",97.7,1577,91.1,1471,6.6,106,1.4,23,0.9,14,1614,NULL,eukaryota,0,0
GCA_020497155.1,"C:96.5%[S:33.5%,D:63.1%],F:0.9%,M:2.6%,n:1614",96.5,1558,33.5,540,63.1,1018,0.9,14,2.6,42,1614,NULL,eukaryota,0,0
GCA_020521535.1,"C:88.5%[S:67.5%,D:21.0%],F:7.4%,M:4.1%,n:1614",88.5,1428,67.5,1089,21,339,7.4,120,4.1,66,1614,NULL,eukaryota,0,0
GCA_020796205.1,"C:66.4%[S:62.1%,D:4.2%],F:2.2%,M:31.5%,n:1614",66.4,1071,62.1,1003,4.2,68,2.2,35,31.5,508,1614,NULL,eukaryota,0,0
GCA_020796215.1,"C:89.0%[S:84.7%,D:4.3%],F:3.4%,M:7.6%,n:1614",89,1436,84.7,1367,4.3,69,3.4,55,7.6,123,1614,NULL,eukaryota,0,0
GCA_020875875.1,"C:96.8%[S:57.4%,D:39.5%],F:1.8%,M:1.4%,n:1614",96.8,1563,57.4,926,39.5,637,1.8,29,1.4,22,1614,NULL,eukaryota,0,0
GCA_020921065.1,"C:92.4%[S:86.6%,D:5.8%],F:1.7%,M:5.9%,n:1614",92.4,1491,86.6,1397,5.8,94,1.7,28,5.9,95,1614,NULL,eukaryota,0,0
GCA_021292205.2,"C:90.2%[S:86.1%,D:4.1%],F:1.8%,M:8.0%,n:1614",90.2,1456,86.1,1390,4.1,66,1.8,29,8,129,1614,NULL,eukaryota,0,0
GCA_021442195.1,"C:89.5%[S:44.3%,D:45.2%],F:1.9%,M:8.6%,n:1614",89.5,1445,44.3,715,45.2,730,1.9,30,8.6,139,1614,NULL,eukaryota,0,0
GCA_021604985.1,"C:69.8%[S:36.1%,D:33.8%],F:16.5%,M:13.6%,n:1614",69.8,1127,36.1,582,33.8,545,16.5,267,13.6,220,1614,NULL,eukaryota,0,0
GCA_021904315.1,"C:89.0%[S:42.5%,D:46.5%],F:2.2%,M:8.8%,n:1614",89,1437,42.5,686,46.5,751,2.2,35,8.8,142,1614,NULL,eukaryota,0,0
GCA_022085475.1,"C:81.7%[S:69.6%,D:12.0%],F:6.1%,M:12.2%,n:1614",81.7,1318,69.6,1124,12,194,6.1,99,12.2,197,1614,NULL,eukaryota,0,0
GCA_022201045.1,"C:99.2%[S:30.1%,D:69.1%],F:0.2%,M:0.6%,n:1614",99.2,1601,30.1,486,69.1,1115,0.2,4,0.6,9,1614,NULL,eukaryota,0,0
GCA_022201065.1,"C:99.3%[S:29.9%,D:69.3%],F:0.2%,M:0.5%,n:1614",99.3,1602,29.9,483,69.3,1119,0.2,4,0.5,8,1614,NULL,eukaryota,0,0
GCA_022343405.2,"C:71.9%[S:33.0%,D:38.9%],F:10.7%,M:17.5%,n:1614",71.9,1160,33,532,38.9,628,10.7,172,17.5,282,1614,NULL,eukaryota,0,0
GCA_022379115.2,"C:98.5%[S:71.6%,D:26.9%],F:0.5%,M:1.0%,n:1614",98.5,1590,71.6,1156,26.9,434,0.5,8,1,16,1614,NULL,eukaryota,0,0
GCA_022539455.1,"C:93.4%[S:89.0%,D:4.3%],F:2.9%,M:3.7%,n:1614",93.4,1507,89,1437,4.3,70,2.9,47,3.7,60,1614,NULL,eukaryota,0,0
GCA_023344035.1,"C:61.6%[S:59.6%,D:2.0%],F:3.0%,M:35.3%,n:1614",61.6,995,59.6,962,2,33,3,49,35.3,570,1614,NULL,eukaryota,0,0
GCA_023376185.1,"C:81.0%[S:77.5%,D:3.5%],F:1.1%,M:17.8%,n:1614",81,1308,77.5,1251,3.5,57,1.1,18,17.8,288,1614,NULL,eukaryota,0,0
GCA_023525715.1,"C:82.3%[S:76.9%,D:5.4%],F:1.3%,M:16.4%,n:1614",82.3,1328,76.9,1241,5.4,87,1.3,21,16.4,265,1614,NULL,eukaryota,0,0
GCA_023525745.1,"C:86.9%[S:82.2%,D:4.7%],F:1.4%,M:11.7%,n:1614",86.9,1402,82.2,1326,4.7,76,1.4,23,11.7,189,1614,NULL,eukaryota,0,0
GCA_023525975.1,"C:97.9%[S:24.5%,D:73.4%],F:1.0%,M:1.1%,n:1614",97.9,1580,24.5,396,73.4,1184,1,16,1.1,18,1614,NULL,eukaryota,0,0
GCA_023529015.1,"C:68.7%[S:49.8%,D:18.9%],F:8.4%,M:22.9%,n:1614",68.7,1109,49.8,804,18.9,305,8.4,135,22.9,370,1614,NULL,eukaryota,0,0
GCA_023529315.1,"C:95.6%[S:87.9%,D:7.7%],F:2.1%,M:2.3%,n:1614",95.6,1543,87.9,1419,7.7,124,2.1,34,2.3,37,1614,NULL,eukaryota,0,0
GCA_023531105.1,"C:95.9%[S:90.4%,D:5.5%],F:2.1%,M:2.0%,n:1614",95.9,1548,90.4,1459,5.5,89,2.1,34,2,32,1614,NULL,eukaryota,0,0
GCA_023531295.1,"C:95.2%[S:60.2%,D:35.0%],F:2.5%,M:2.4%,n:1614",95.2,1536,60.2,971,35,565,2.5,40,2.4,38,1614,NULL,eukaryota,0,0
GCA_023531435.1,"C:94.3%[S:46.2%,D:48.1%],F:2.0%,M:3.7%,n:1614",94.3,1522,46.2,745,48.1,777,2,33,3.7,59,1614,NULL,eukaryota,0,0
GCA_023547065.1,"C:91.6%[S:47.1%,D:44.4%],F:4.8%,M:3.7%,n:1614",91.6,1478,47.1,761,44.4,717,4.8,77,3.7,59,1614,NULL,eukaryota,0,0
GCA_023653495.1,"C:95.8%[S:72.3%,D:23.5%],F:1.1%,M:3.0%,n:1614",95.8,1547,72.3,1167,23.5,380,1.1,18,3,49,1614,NULL,eukaryota,0,0
GCA_024137805.1,"C:95.6%[S:85.9%,D:9.7%],F:1.2%,M:3.2%,n:1614",95.6,1543,85.9,1386,9.7,157,1.2,20,3.2,51,1614,NULL,eukaryota,0,0
GCA_024323335.2,"C:98.6%[S:67.3%,D:31.4%],F:0.6%,M:0.8%,n:1614",98.6,1592,67.3,1086,31.4,506,0.6,9,0.8,13,1614,NULL,eukaryota,0,0
GCA_024362645.1,"C:98.4%[S:60.3%,D:38.0%],F:0.7%,M:0.9%,n:1614",98.4,1588,60.3,974,38,614,0.7,11,0.9,15,1614,NULL,eukaryota,0,0
GCA_024505715.1,"C:92.3%[S:90.3%,D:2.0%],F:4.0%,M:3.8%,n:1614",92.3,1489,90.3,1457,2,32,4,64,3.8,61,1614,NULL,eukaryota,0,0
GCA_024733475.1,"C:91.1%[S:88.2%,D:2.9%],F:4.5%,M:4.5%,n:1614",91.1,1470,88.2,1423,2.9,47,4.5,72,4.5,72,1614,NULL,eukaryota,0,0
GCA_024762085.1,"C:70.0%[S:46.8%,D:23.2%],F:7.4%,M:22.7%,n:1614",70,1129,46.8,755,23.2,374,7.4,119,22.7,366,1614,NULL,eukaryota,0,0
GCA_025200525.1,"C:93.9%[S:78.8%,D:15.1%],F:3.3%,M:2.9%,n:1614",93.9,1515,78.8,1272,15.1,243,3.3,53,2.9,46,1614,NULL,eukaryota,0,0
GCA_025413875.1,"C:91.3%[S:61.7%,D:29.6%],F:4.3%,M:4.5%,n:1614",91.3,1473,61.7,996,29.6,477,4.3,69,4.5,72,1614,NULL,eukaryota,0,0
GCA_025563575.1,"C:97.0%[S:85.2%,D:11.8%],F:1.6%,M:1.4%,n:1614",97,1566,85.2,1375,11.8,191,1.6,26,1.4,22,1614,NULL,eukaryota,0,0
GCA_025594385.1,"C:93.6%[S:88.9%,D:4.7%],F:2.2%,M:4.2%,n:1614",93.6,1511,88.9,1435,4.7,76,2.2,35,4.2,68,1614,NULL,eukaryota,0,0
GCA_026074375.1,"C:92.7%[S:70.8%,D:21.9%],F:5.1%,M:2.2%,n:1614",92.7,1496,70.8,1143,21.9,353,5.1,82,2.2,36,1614,NULL,eukaryota,0,0
GCA_026225825.1,"C:77.1%[S:73.8%,D:3.3%],F:16.1%,M:6.8%,n:1614",77.1,1244,73.8,1191,3.3,53,16.1,260,6.8,110,1614,NULL,eukaryota,0,0
GCA_026229545.1,"C:72.7%[S:67.8%,D:4.9%],F:17.8%,M:9.5%,n:1614",72.7,1173,67.8,1094,4.9,79,17.8,287,9.5,154,1614,NULL,eukaryota,0,0
GCA_026261945.1,"C:96.0%[S:73.0%,D:23.0%],F:0.4%,M:3.5%,n:1614",96,1550,73,1178,23,372,0.4,7,3.5,57,1614,NULL,eukaryota,0,0
GCA_026538245.1,"C:97.5%[S:86.8%,D:10.7%],F:1.5%,M:1.1%,n:1614",97.5,1573,86.8,1401,10.7,172,1.5,24,1.1,17,1614,NULL,eukaryota,0,0
GCA_026538285.1,"C:90.3%[S:80.5%,D:9.7%],F:6.3%,M:3.5%,n:1614",90.3,1457,80.5,1300,9.7,157,6.3,101,3.5,56,1614,NULL,eukaryota,0,0
GCA_026573395.1,"C:98.7%[S:69.3%,D:29.4%],F:0.3%,M:1.0%,n:1614",98.7,1593,69.3,1119,29.4,474,0.3,5,1,16,1614,NULL,eukaryota,0,0
GCA_026586065.1,"C:96.2%[S:82.5%,D:13.7%],F:1.4%,M:2.4%,n:1614",96.2,1553,82.5,1332,13.7,221,1.4,22,2.4,39,1614,NULL,eukaryota,0,0
GCA_026651665.1,"C:88.1%[S:78.7%,D:9.4%],F:8.1%,M:3.8%,n:1614",88.1,1422,78.7,1270,9.4,152,8.1,131,3.8,61,1614,NULL,eukaryota,0,0
GCA_026651675.1,"C:90.6%[S:79.8%,D:10.8%],F:6.2%,M:3.2%,n:1614",90.6,1463,79.8,1288,10.8,175,6.2,100,3.2,51,1614,NULL,eukaryota,0,0
GCA_026651695.1,"C:97.0%[S:85.1%,D:11.9%],F:1.3%,M:1.7%,n:1614",97,1565,85.1,1373,11.9,192,1.3,21,1.7,28,1614,NULL,eukaryota,0,0
GCA_026651735.1,"C:94.2%[S:83.9%,D:10.3%],F:1.5%,M:4.2%,n:1614",94.2,1521,83.9,1354,10.3,167,1.5,25,4.2,68,1614,NULL,eukaryota,0,0
GCA_026651805.1,"C:96.8%[S:84.8%,D:12.1%],F:1.4%,M:1.8%,n:1614",96.8,1563,84.8,1368,12.1,195,1.4,22,1.8,29,1614,NULL,eukaryota,0,0
GCA_026652165.1,"C:96.3%[S:83.3%,D:12.9%],F:2.1%,M:1.6%,n:1614",96.3,1554,83.3,1345,12.9,209,2.1,34,1.6,26,1614,NULL,eukaryota,0,0
GCA_026901365.1,"C:71.2%[S:54.0%,D:17.2%],F:7.1%,M:21.7%,n:1614",71.2,1149,54,872,17.2,277,7.1,114,21.7,351,1614,NULL,eukaryota,0,0
GCA_027562975.1,"C:88.5%[S:85.8%,D:2.7%],F:1.2%,M:10.3%,n:1614",88.5,1428,85.8,1385,2.7,43,1.2,20,10.3,166,1614,NULL,eukaryota,0,0
GCA_027725995.1,"C:87.4%[S:83.8%,D:3.6%],F:1.5%,M:11.2%,n:1614",87.4,1410,83.8,1352,3.6,58,1.5,24,11.2,180,1614,NULL,eukaryota,0,0
GCA_027726005.1,"C:87.2%[S:85.4%,D:1.8%],F:1.2%,M:11.6%,n:1614",87.2,1408,85.4,1379,1.8,29,1.2,19,11.6,187,1614,NULL,eukaryota,0,0
GCA_027943385.1,"C:53.2%[S:39.2%,D:14.1%],F:5.9%,M:40.8%,n:1614",53.2,859,39.2,632,14.1,227,5.9,96,40.8,659,1614,NULL,eukaryota,0,0
GCA_027943415.1,"C:55.8%[S:38.4%,D:17.4%],F:5.8%,M:38.5%,n:1614",55.8,900,38.4,619,17.4,281,5.8,93,38.5,621,1614,NULL,eukaryota,0,0
GCA_028052125.1,"C:97.6%[S:73.8%,D:23.9%],F:1.4%,M:1.0%,n:1614",97.6,1576,73.8,1191,23.9,385,1.4,22,1,16,1614,NULL,eukaryota,0,0
GCA_028095005.1,"C:91.6%[S:1.4%,D:90.2%],F:0.8%,M:7.6%,n:1614",91.6,1479,1.4,23,90.2,1456,0.8,13,7.6,122,1614,NULL,eukaryota,0,0
GCA_028386065.3,"C:87.5%[S:81.2%,D:6.3%],F:5.3%,M:7.2%,n:1614",87.5,1412,81.2,1310,6.3,102,5.3,86,7.2,116,1614,NULL,eukaryota,0,0
GCA_028411795.1,"C:98.8%[S:89.3%,D:9.4%],F:0.5%,M:0.7%,n:1614",98.8,1594,89.3,1442,9.4,152,0.5,8,0.7,12,1614,NULL,eukaryota,0,0
GCA_028583415.1,"C:97.9%[S:90.0%,D:7.9%],F:1.0%,M:1.1%,n:1614",97.9,1580,90,1453,7.9,127,1,16,1.1,18,1614,NULL,eukaryota,0,0
GCA_029030645.1,"C:82.9%[S:64.7%,D:18.2%],F:10.3%,M:6.8%,n:1614",82.9,1338,64.7,1044,18.2,294,10.3,167,6.8,109,1614,NULL,eukaryota,0,0
GCA_029030655.1,"C:75.5%[S:58.4%,D:17.0%],F:11.7%,M:12.8%,n:1614",75.5,1218,58.4,943,17,275,11.7,189,12.8,207,1614,NULL,eukaryota,0,0
GCA_029030765.1,"C:78.9%[S:60.9%,D:18.0%],F:10.7%,M:10.5%,n:1614",78.9,1273,60.9,983,18,290,10.7,172,10.5,169,1614,NULL,eukaryota,0,0
GCA_029204005.1,"C:77.8%[S:58.7%,D:19.1%],F:11.8%,M:10.5%,n:1614",77.8,1255,58.7,947,19.1,308,11.8,190,10.5,169,1614,NULL,eukaryota,0,0
GCA_029204225.1,"C:88.5%[S:23.8%,D:64.7%],F:2.9%,M:8.6%,n:1614",88.5,1429,23.8,384,64.7,1045,2.9,47,8.6,138,1614,NULL,eukaryota,0,0
GCA_029216955.1,"C:82.8%[S:14.5%,D:68.3%],F:6.9%,M:10.3%,n:1614",82.8,1337,14.5,234,68.3,1103,6.9,111,10.3,166,1614,NULL,eukaryota,0,0
GCA_029228465.1,"C:87.8%[S:69.8%,D:18.0%],F:7.2%,M:5.0%,n:1614",87.8,1417,69.8,1127,18,290,7.2,117,5,80,1614,NULL,eukaryota,0,0
GCA_029228485.1,"C:92.1%[S:63.4%,D:28.7%],F:3.4%,M:4.5%,n:1614",92.1,1486,63.4,1023,28.7,463,3.4,55,4.5,73,1614,NULL,eukaryota,0,0
GCA_029228495.1,"C:86.1%[S:65.6%,D:20.4%],F:8.2%,M:5.7%,n:1614",86.1,1389,65.6,1059,20.4,330,8.2,133,5.7,92,1614,NULL,eukaryota,0,0
GCA_029228505.1,"C:91.8%[S:63.3%,D:28.5%],F:3.3%,M:4.9%,n:1614",91.8,1482,63.3,1022,28.5,460,3.3,53,4.9,79,1614,NULL,eukaryota,0,0
GCA_029228515.1,"C:91.1%[S:60.5%,D:30.5%],F:3.8%,M:5.1%,n:1614",91.1,1470,60.5,977,30.5,493,3.8,61,5.1,83,1614,NULL,eukaryota,0,0
GCA_029228605.1,"C:78.1%[S:58.6%,D:19.5%],F:10.7%,M:11.2%,n:1614",78.1,1260,58.6,945,19.5,315,10.7,173,11.2,181,1614,NULL,eukaryota,0,0
GCA_029379385.1,"C:95.8%[S:67.3%,D:28.5%],F:2.6%,M:1.5%,n:1614",95.8,1547,67.3,1087,28.5,460,2.6,42,1.5,25,1614,NULL,eukaryota,0,0
GCA_029747015.1,"C:77.9%[S:73.3%,D:4.6%],F:10.6%,M:11.5%,n:1614",77.9,1258,73.3,1183,4.6,75,10.6,171,11.5,185,1614,NULL,eukaryota,0,0
GCA_029747655.1,"C:96.3%[S:91.0%,D:5.3%],F:1.7%,M:2.0%,n:1614",96.3,1554,91,1469,5.3,85,1.7,27,2,33,1614,NULL,eukaryota,0,0
GCA_029783415.1,"C:95.8%[S:66.4%,D:29.4%],F:1.0%,M:3.2%,n:1614",95.8,1546,66.4,1072,29.4,474,1,16,3.2,52,1614,NULL,eukaryota,0,0
GCA_029852735.1,"C:92.7%[S:87.9%,D:4.8%],F:3.3%,M:4.0%,n:1614",92.7,1496,87.9,1419,4.8,77,3.3,53,4,65,1614,NULL,eukaryota,0,0
GCA_029891385.1,"C:97.5%[S:91.0%,D:6.4%],F:1.5%,M:1.1%,n:1614",97.5,1573,91,1469,6.4,104,1.5,24,1.1,17,1614,NULL,eukaryota,0,0
GCA_030052815.1,"C:96.6%[S:72.1%,D:24.5%],F:0.8%,M:2.6%,n:1614",96.6,1559,72.1,1164,24.5,395,0.8,13,2.6,42,1614,NULL,eukaryota,0,0
GCA_030169165.1,"C:74.5%[S:73.4%,D:1.2%],F:3.7%,M:21.7%,n:1614",74.5,1203,73.4,1184,1.2,19,3.7,60,21.7,351,1614,NULL,eukaryota,0,0
GCA_030254885.1,"C:82.8%[S:62.6%,D:20.2%],F:3.4%,M:13.8%,n:1614",82.8,1336,62.6,1010,20.2,326,3.4,55,13.8,223,1614,NULL,eukaryota,0,0
GCA_030270665.1,"C:98.8%[S:59.8%,D:39.0%],F:0.6%,M:0.6%,n:1614",98.8,1594,59.8,965,39,629,0.6,10,0.6,10,1614,NULL,eukaryota,0,0
GCA_030272615.1,"C:91.3%[S:85.9%,D:5.5%],F:2.6%,M:6.1%,n:1614",91.3,1474,85.9,1386,5.5,88,2.6,42,6.1,98,1614,NULL,eukaryota,0,0
GCA_030408175.1,"C:99.5%[S:3.5%,D:96.0%],F:0.2%,M:0.3%,n:1614",99.5,1606,3.5,57,96,1549,0.2,3,0.3,5,1614,NULL,eukaryota,0,0
GCA_030490815.1,"C:92.9%[S:86.2%,D:6.7%],F:3.5%,M:3.6%,n:1614",92.9,1499,86.2,1391,6.7,108,3.5,57,3.6,58,1614,NULL,eukaryota,0,0
GCA_030704535.1,"C:93.6%[S:86.3%,D:7.3%],F:1.3%,M:5.1%,n:1614",93.6,1511,86.3,1393,7.3,118,1.3,21,5.1,82,1614,NULL,eukaryota,0,0
GCA_030737835.1,"C:86.8%[S:79.8%,D:7.0%],F:6.6%,M:6.6%,n:1614",86.8,1401,79.8,1288,7,113,6.6,107,6.6,106,1614,NULL,eukaryota,0,0
GCA_030737845.1,"C:89.5%[S:39.3%,D:50.2%],F:5.7%,M:4.8%,n:1614",89.5,1445,39.3,635,50.2,810,5.7,92,4.8,77,1614,NULL,eukaryota,0,0
GCA_030848705.1,"C:96.8%[S:89.0%,D:7.8%],F:1.1%,M:2.0%,n:1614",96.8,1563,89,1437,7.8,126,1.1,18,2,33,1614,NULL,eukaryota,0,0
GCA_030867185.1,"C:87.2%[S:80.5%,D:6.7%],F:0.7%,M:12.1%,n:1614",87.2,1407,80.5,1299,6.7,108,0.7,12,12.1,195,1614,NULL,eukaryota,0,0
GCA_030979865.1,"C:91.4%[S:82.9%,D:8.5%],F:1.7%,M:6.9%,n:1614",91.4,1475,82.9,1338,8.5,137,1.7,28,6.9,111,1614,NULL,eukaryota,0,0
GCA_030979885.1,"C:83.2%[S:70.6%,D:12.6%],F:2.0%,M:14.8%,n:1614",83.2,1343,70.6,1140,12.6,203,2,32,14.8,239,1614,NULL,eukaryota,0,0
GCA_031230405.1,"C:86.6%[S:84.2%,D:2.4%],F:9.6%,M:3.8%,n:1614",86.6,1397,84.2,1359,2.4,38,9.6,155,3.8,62,1614,NULL,eukaryota,0,0
GCA_032173615.1,"C:99.8%[S:5.1%,D:94.7%],F:0.1%,M:0.1%,n:1614",99.8,1610,5.1,82,94.7,1528,0.1,2,0.1,2,1614,NULL,eukaryota,0,0
GCA_032690845.1,"C:93.6%[S:17.2%,D:76.4%],F:2.2%,M:4.2%,n:1614",93.6,1511,17.2,278,76.4,1233,2.2,35,4.2,68,1614,NULL,eukaryota,0,0
GCA_032871835.1,"C:97.1%[S:95.0%,D:2.1%],F:1.5%,M:1.3%,n:1614",97.1,1568,95,1534,2.1,34,1.5,25,1.3,21,1614,NULL,eukaryota,0,0
GCA_033065855.1,"C:87.5%[S:80.1%,D:7.4%],F:8.5%,M:4.0%,n:1614",87.5,1413,80.1,1293,7.4,120,8.5,137,4,64,1614,NULL,eukaryota,0,0
GCA_033070095.1,"C:89.5%[S:39.0%,D:50.6%],F:5.6%,M:4.9%,n:1614",89.5,1445,39,629,50.6,816,5.6,90,4.9,79,1614,NULL,eukaryota,0,0
GCA_033220585.1,"C:91.2%[S:88.5%,D:2.7%],F:5.2%,M:3.6%,n:1614",91.2,1472,88.5,1429,2.7,43,5.2,84,3.6,58,1614,NULL,eukaryota,0,0
GCA_033239525.1,"C:94.4%[S:92.1%,D:2.3%],F:2.7%,M:2.9%,n:1614",94.4,1524,92.1,1487,2.3,37,2.7,43,2.9,47,1614,NULL,eukaryota,0,0
GCA_033242285.1,"C:90.0%[S:85.9%,D:4.1%],F:6.9%,M:3.2%,n:1614",90,1452,85.9,1386,4.1,66,6.9,111,3.2,51,1614,NULL,eukaryota,0,0
GCA_034222035.1,"C:98.3%[S:76.5%,D:21.7%],F:0.6%,M:1.1%,n:1614",98.3,1586,76.5,1235,21.7,351,0.6,10,1.1,18,1614,NULL,eukaryota,0,0
GCA_034359265.1,"C:93.6%[S:89.0%,D:4.6%],F:3.4%,M:3.0%,n:1614",93.6,1510,89,1436,4.6,74,3.4,55,3,49,1614,NULL,eukaryota,0,0
GCA_034509725.1,"C:73.2%[S:70.5%,D:2.7%],F:13.6%,M:13.2%,n:1614",73.2,1182,70.5,1138,2.7,44,13.6,219,13.2,213,1614,NULL,eukaryota,0,0
GCA_034509735.1,"C:93.5%[S:90.2%,D:3.3%],F:1.9%,M:4.6%,n:1614",93.5,1509,90.2,1456,3.3,53,1.9,31,4.6,74,1614,NULL,eukaryota,0,0
GCA_034509755.1,"C:98.8%[S:69.2%,D:29.6%],F:0.6%,M:0.6%,n:1614",98.8,1595,69.2,1117,29.6,478,0.6,9,0.6,10,1614,NULL,eukaryota,0,0
GCA_034814905.1,"C:49.9%[S:41.8%,D:8.2%],F:3.3%,M:46.7%,n:1614",49.9,806,41.8,674,8.2,132,3.3,54,46.7,754,1614,NULL,eukaryota,0,0
GCA_035136125.1,"C:98.1%[S:54.2%,D:43.9%],F:0.9%,M:1.0%,n:1614",98.1,1584,54.2,875,43.9,709,0.9,14,1,16,1614,NULL,eukaryota,0,0
GCA_035578085.1,"C:97.8%[S:94.2%,D:3.7%],F:0.6%,M:1.5%,n:1614",97.8,1579,94.2,1520,3.7,59,0.6,10,1.5,25,1614,NULL,eukaryota,0,0
GCA_035582445.1,"C:94.6%[S:82.5%,D:12.1%],F:2.1%,M:3.3%,n:1614",94.6,1527,82.5,1331,12.1,196,2.1,34,3.3,53,1614,NULL,eukaryota,0,0
GCA_035582545.1,"C:92.8%[S:80.9%,D:11.9%],F:4.1%,M:3.2%,n:1614",92.8,1497,80.9,1305,11.9,192,4.1,66,3.2,51,1614,NULL,eukaryota,0,0
GCA_035582765.1,"C:91.9%[S:88.7%,D:3.3%],F:1.5%,M:6.6%,n:1614",91.9,1484,88.7,1431,3.3,53,1.5,24,6.6,106,1614,NULL,eukaryota,0,0
GCA_035896635.1,"C:89.3%[S:84.1%,D:5.2%],F:6.9%,M:3.8%,n:1614",89.3,1442,84.1,1358,5.2,84,6.9,111,3.8,61,1614,NULL,eukaryota,0,0
GCA_036250425.1,"C:94.1%[S:23.5%,D:70.6%],F:3.8%,M:2.1%,n:1614",94.1,1519,23.5,380,70.6,1139,3.8,61,2.1,34,1614,NULL,eukaryota,0,0
GCA_036320975.1,"C:95.4%[S:89.0%,D:6.3%],F:2.5%,M:2.1%,n:1614",95.4,1539,89,1437,6.3,102,2.5,41,2.1,34,1614,NULL,eukaryota,0,0
GCA_036689595.1,"C:91.9%[S:74.5%,D:17.5%],F:2.4%,M:5.6%,n:1614",91.9,1484,74.5,1202,17.5,282,2.4,39,5.6,91,1614,NULL,eukaryota,0,0
GCA_036851095.1,"C:91.3%[S:90.2%,D:1.1%],F:3.8%,M:5.0%,n:1614",91.3,1473,90.2,1456,1.1,17,3.8,61,5,80,1614,NULL,eukaryota,0,0
GCA_036851125.1,"C:95.5%[S:94.5%,D:0.9%],F:2.7%,M:1.8%,n:1614",95.5,1541,94.5,1526,0.9,15,2.7,44,1.8,29,1614,NULL,eukaryota,0,0
GCA_036851155.1,"C:95.0%[S:93.6%,D:1.4%],F:2.8%,M:2.2%,n:1614",95,1533,93.6,1510,1.4,23,2.8,45,2.2,36,1614,NULL,eukaryota,0,0
GCA_036885675.1,"C:79.5%[S:76.8%,D:2.7%],F:10.1%,M:10.4%,n:1614",79.5,1283,76.8,1239,2.7,44,10.1,163,10.4,168,1614,NULL,eukaryota,0,0
GCA_037074985.1,"C:88.2%[S:86.3%,D:1.9%],F:2.8%,M:9.0%,n:1614",88.2,1423,86.3,1393,1.9,30,2.8,45,9,146,1614,NULL,eukaryota,0,0
GCA_037126225.1,"C:93.9%[S:70.0%,D:24.0%],F:2.8%,M:3.3%,n:1614",93.9,1516,70,1129,24,387,2.8,45,3.3,53,1614,NULL,eukaryota,0,0
GCA_037833805.1,"C:87.4%[S:77.2%,D:10.2%],F:1.1%,M:11.6%,n:1614",87.4,1410,77.2,1246,10.2,164,1.1,17,11.6,187,1614,NULL,eukaryota,0,0
GCA_037833965.1,"C:87.4%[S:77.1%,D:10.3%],F:1.1%,M:11.6%,n:1614",87.4,1410,77.1,1244,10.3,166,1.1,17,11.6,187,1614,NULL,eukaryota,0,0
GCA_037953625.1,"C:79.5%[S:74.5%,D:5.0%],F:1.4%,M:19.1%,n:1614",79.5,1283,74.5,1202,5,81,1.4,22,19.1,309,1614,NULL,eukaryota,0,0
GCA_037954015.1,"C:80.0%[S:77.1%,D:2.9%],F:0.7%,M:19.2%,n:1614",80,1292,77.1,1245,2.9,47,0.7,12,19.2,310,1614,NULL,eukaryota,0,0
GCA_037954025.1,"C:93.9%[S:90.8%,D:3.2%],F:0.4%,M:5.6%,n:1614",93.9,1516,90.8,1465,3.2,51,0.4,7,5.6,91,1614,NULL,eukaryota,0,0
GCA_037954105.1,"C:81.7%[S:78.7%,D:3.0%],F:0.9%,M:17.3%,n:1614",81.7,1319,78.7,1271,3,48,0.9,15,17.3,280,1614,NULL,eukaryota,0,0
GCA_037962975.1,"C:83.6%[S:79.9%,D:3.7%],F:0.7%,M:15.7%,n:1614",83.6,1349,79.9,1290,3.7,59,0.7,12,15.7,253,1614,NULL,eukaryota,0,0
GCA_038405125.1,"C:99.4%[S:4.9%,D:94.5%],F:0.4%,M:0.2%,n:1614",99.4,1604,4.9,79,94.5,1525,0.4,7,0.2,3,1614,NULL,eukaryota,0,0
GCA_038485115.1,"C:88.5%[S:43.2%,D:45.3%],F:1.8%,M:9.7%,n:1614",88.5,1429,43.2,698,45.3,731,1.8,29,9.7,156,1614,NULL,eukaryota,0,0
GCA_038485135.2,"C:92.0%[S:38.6%,D:53.4%],F:1.4%,M:6.6%,n:1614",92,1485,38.6,623,53.4,862,1.4,22,6.6,107,1614,NULL,eukaryota,0,0
GCA_038485145.1,"C:99.2%[S:5.9%,D:93.3%],F:0.4%,M:0.4%,n:1614",99.2,1601,5.9,95,93.3,1506,0.4,7,0.4,6,1614,NULL,eukaryota,0,0
GCA_038677285.1,"C:99.2%[S:8.4%,D:90.8%],F:0.1%,M:0.7%,n:1614",99.2,1601,8.4,136,90.8,1465,0.1,1,0.7,12,1614,NULL,eukaryota,0,0
GCA_039105155.1,"C:87.4%[S:77.3%,D:10.2%],F:1.1%,M:11.5%,n:1614",87.4,1411,77.3,1247,10.2,164,1.1,17,11.5,186,1614,NULL,eukaryota,0,0
GCA_039513925.1,"C:79.5%[S:73.9%,D:5.6%],F:6.4%,M:14.1%,n:1614",79.5,1283,73.9,1193,5.6,90,6.4,104,14.1,227,1614,NULL,eukaryota,0,0
GCA_039583875.1,"C:58.1%[S:55.6%,D:2.5%],F:11.1%,M:30.8%,n:1614",58.1,938,55.6,898,2.5,40,11.1,179,30.8,497,1614,NULL,eukaryota,0,0
GCA_039602395.1,"C:95.5%[S:76.8%,D:18.7%],F:0.6%,M:3.9%,n:1614",95.5,1541,76.8,1239,18.7,302,0.6,10,3.9,63,1614,NULL,eukaryota,0,0
GCA_039657325.1,"C:96.0%[S:93.0%,D:3.0%],F:1.8%,M:2.2%,n:1614",96,1549,93,1501,3,48,1.8,29,2.2,36,1614,NULL,eukaryota,0,0
GCA_039657345.1,"C:96.7%[S:93.6%,D:3.1%],F:0.9%,M:2.4%,n:1614",96.7,1561,93.6,1511,3.1,50,0.9,15,2.4,38,1614,NULL,eukaryota,0,0
GCA_039657365.1,"C:96.0%[S:92.7%,D:3.3%],F:1.2%,M:2.8%,n:1614",96,1549,92.7,1496,3.3,53,1.2,20,2.8,45,1614,NULL,eukaryota,0,0
GCA_039657385.1,"C:94.7%[S:93.0%,D:1.7%],F:2.1%,M:3.2%,n:1614",94.7,1528,93,1501,1.7,27,2.1,34,3.2,52,1614,NULL,eukaryota,0,0
GCA_039657395.1,"C:94.5%[S:92.6%,D:1.9%],F:2.4%,M:3.2%,n:1614",94.5,1525,92.6,1495,1.9,30,2.4,38,3.2,51,1614,NULL,eukaryota,0,0
GCA_039720395.1,"C:83.1%[S:72.4%,D:10.8%],F:11.4%,M:5.5%,n:1614",83.1,1342,72.4,1168,10.8,174,11.4,184,5.5,88,1614,NULL,eukaryota,0,0
GCA_040167595.1,"C:98.9%[S:61.0%,D:38.0%],F:0.4%,M:0.7%,n:1614",98.9,1597,61,984,38,613,0.4,6,0.7,11,1614,NULL,eukaryota,0,0
GCA_040182985.1,"C:96.0%[S:92.1%,D:3.9%],F:2.1%,M:1.9%,n:1614",96,1549,92.1,1486,3.9,63,2.1,34,1.9,31,1614,NULL,eukaryota,0,0
GCA_040183295.1,"C:92.5%[S:80.0%,D:12.5%],F:3.6%,M:3.9%,n:1614",92.5,1493,80,1291,12.5,202,3.6,58,3.9,63,1614,NULL,eukaryota,0,0
GCA_040256815.2,"C:99.1%[S:1.9%,D:97.2%],F:0.2%,M:0.7%,n:1614",99.1,1599,1.9,30,97.2,1569,0.2,4,0.7,11,1614,NULL,eukaryota,0,0
GCA_040285695.1,"C:70.6%[S:68.2%,D:2.5%],F:14.3%,M:15.1%,n:1614",70.6,1140,68.2,1100,2.5,40,14.3,230,15.1,244,1614,NULL,eukaryota,0,0
GCA_040285715.1,"C:73.1%[S:70.4%,D:2.7%],F:12.8%,M:14.1%,n:1614",73.1,1180,70.4,1136,2.7,44,12.8,207,14.1,227,1614,NULL,eukaryota,0,0
GCA_040286105.1,"C:75.0%[S:72.3%,D:2.7%],F:13.1%,M:11.9%,n:1614",75,1211,72.3,1167,2.7,44,13.1,211,11.9,192,1614,NULL,eukaryota,0,0
GCA_040286145.1,"C:83.6%[S:46.0%,D:37.5%],F:9.9%,M:6.5%,n:1614",83.6,1349,46,743,37.5,606,9.9,160,6.5,105,1614,NULL,eukaryota,0,0
GCA_040372305.1,"C:87.5%[S:83.4%,D:4.1%],F:4.6%,M:7.9%,n:1614",87.5,1412,83.4,1346,4.1,66,4.6,75,7.9,127,1614,NULL,eukaryota,0,0
GCA_040436765.1,"C:91.3%[S:90.3%,D:1.0%],F:3.3%,M:5.5%,n:1614",91.3,1473,90.3,1457,1,16,3.3,53,5.5,88,1614,NULL,eukaryota,0,0
GCA_040550855.1,"C:99.6%[S:8.4%,D:91.1%],F:0.1%,M:0.4%,n:1614",99.6,1607,8.4,136,91.1,1471,0.1,1,0.4,6,1614,NULL,eukaryota,0,0
GCA_040584065.1,"C:99.6%[S:7.8%,D:91.8%],F:0.1%,M:0.3%,n:1614",99.6,1608,7.8,126,91.8,1482,0.1,1,0.3,5,1614,NULL,eukaryota,0,0
GCA_040670175.1,"C:91.5%[S:86.7%,D:4.8%],F:2.3%,M:6.2%,n:1614",91.5,1477,86.7,1399,4.8,78,2.3,37,6.2,100,1614,NULL,eukaryota,0,0
GCA_040938325.1,"C:99.3%[S:5.9%,D:93.4%],F:0.5%,M:0.2%,n:1614",99.3,1603,5.9,95,93.4,1508,0.5,8,0.2,3,1614,NULL,eukaryota,0,0
GCA_040955855.1,"C:95.5%[S:59.3%,D:36.2%],F:0.7%,M:3.8%,n:1614",95.5,1541,59.3,957,36.2,584,0.7,11,3.8,62,1614,NULL,eukaryota,0,0
GCA_041154535.1,"C:97.3%[S:52.5%,D:44.8%],F:1.6%,M:1.1%,n:1614",97.3,1571,52.5,848,44.8,723,1.6,26,1.1,17,1614,NULL,eukaryota,0,0
GCA_041154625.1,"C:97.8%[S:77.9%,D:19.8%],F:0.4%,M:1.8%,n:1614",97.8,1578,77.9,1258,19.8,320,0.4,7,1.8,29,1614,NULL,eukaryota,0,0
GCA_041381175.1,"C:98.5%[S:72.9%,D:25.6%],F:0.6%,M:0.9%,n:1614",98.5,1590,72.9,1177,25.6,413,0.6,9,0.9,15,1614,NULL,eukaryota,0,0
GCA_041383265.1,"C:99.3%[S:4.0%,D:95.2%],F:0.3%,M:0.4%,n:1614",99.3,1602,4,65,95.2,1537,0.3,5,0.4,7,1614,NULL,eukaryota,0,0
GCA_042100155.1,"C:96.4%[S:92.3%,D:4.2%],F:0.6%,M:3.0%,n:1614",96.4,1556,92.3,1489,4.2,67,0.6,10,3,48,1614,NULL,eukaryota,0,0
GCA_043165305.1,"C:98.6%[S:95.5%,D:3.2%],F:0.5%,M:0.9%,n:1614",98.6,1592,95.5,1541,3.2,51,0.5,8,0.9,14,1614,NULL,eukaryota,0,0
GCA_043235775.1,"C:89.3%[S:68.9%,D:20.4%],F:4.1%,M:6.6%,n:1614",89.3,1441,68.9,1112,20.4,329,4.1,66,6.6,107,1614,NULL,eukaryota,0,0
GCA_043237855.1,"C:92.6%[S:33.0%,D:59.7%],F:3.6%,M:3.8%,n:1614",92.6,1495,33,532,59.7,963,3.6,58,3.8,61,1614,NULL,eukaryota,0,0
GCA_043381025.1,"C:99.9%[S:27.3%,D:72.6%],F:0.0%,M:0.1%,n:1614",99.9,1612,27.3,440,72.6,1172,0,0,0.1,2,1614,NULL,eukaryota,0,0
GCA_043381455.1,"C:83.3%[S:79.9%,D:3.3%],F:3.0%,M:13.8%,n:1614",83.3,1344,79.9,1290,3.3,54,3,48,13.8,222,1614,NULL,eukaryota,0,0
GCA_044505025.1,"C:72.2%[S:59.4%,D:12.8%],F:12.8%,M:15.1%,n:1614",72.2,1165,59.4,959,12.8,206,12.8,206,15.1,243,1614,NULL,eukaryota,0,0
GCA_044510105.1,"C:99.8%[S:23.4%,D:76.4%],F:0.1%,M:0.2%,n:1614",99.8,1610,23.4,377,76.4,1233,0.1,1,0.2,3,1614,NULL,eukaryota,0,0
GCA_045791845.1,"C:95.7%[S:7.8%,D:87.9%],F:0.7%,M:3.6%,n:1614",95.7,1544,7.8,126,87.9,1418,0.7,12,3.6,58,1614,NULL,eukaryota,0,0
GCA_900059795.1,"C:93.9%[S:92.3%,D:1.6%],F:3.9%,M:2.2%,n:1614",93.9,1516,92.3,1490,1.6,26,3.9,63,2.2,35,1614,NULL,eukaryota,0,0
GCA_900231445.1,"C:96.5%[S:7.8%,D:88.7%],F:0.8%,M:2.7%,n:1614",96.5,1557,7.8,126,88.7,1431,0.8,13,2.7,44,1614,NULL,eukaryota,0,0
GCA_900332095.2,"C:81.7%[S:24.0%,D:57.7%],F:7.1%,M:11.3%,n:1614",81.7,1318,24,387,57.7,931,7.1,114,11.3,182,1614,NULL,eukaryota,0,0
GCA_900411305.1,"C:17.4%[S:16.6%,D:0.8%],F:1.1%,M:81.5%,n:1614",17.4,281,16.6,268,0.8,13,1.1,18,81.5,1315,1614,NULL,eukaryota,0,0
GCA_900412535.3,"C:97.5%[S:83.1%,D:14.4%],F:1.0%,M:1.5%,n:1614",97.5,1573,83.1,1341,14.4,232,1,16,1.5,25,1614,NULL,eukaryota,0,0
GCA_902201215.1,"C:97.1%[S:75.2%,D:21.9%],F:0.4%,M:2.5%,n:1614",97.1,1567,75.2,1213,21.9,354,0.4,7,2.5,40,1614,NULL,eukaryota,0,0
GCA_902206195.3,"C:96.8%[S:95.0%,D:1.8%],F:1.4%,M:1.8%,n:1614",96.8,1562,95,1533,1.8,29,1.4,23,1.8,29,1614,NULL,eukaryota,0,0
GCA_902651935.1,"C:99.6%[S:98.3%,D:1.3%],F:0.1%,M:0.3%,n:1614",99.6,1607,98.3,1586,1.3,21,0.1,2,0.3,5,1614,NULL,eukaryota,0,0
GCA_902703425.1,"C:86.5%[S:84.3%,D:2.2%],F:5.0%,M:8.5%,n:1614",86.5,1396,84.3,1361,2.2,35,5,81,8.5,137,1614,NULL,eukaryota,0,0
GCA_902705455.1,"C:99.6%[S:98.0%,D:1.6%],F:0.1%,M:0.3%,n:1614",99.6,1607,98,1581,1.6,26,0.1,2,0.3,5,1614,NULL,eukaryota,0,0
GCA_902706635.1,"C:90.7%[S:84.8%,D:5.9%],F:4.5%,M:4.8%,n:1614",90.7,1464,84.8,1369,5.9,95,4.5,72,4.8,78,1614,NULL,eukaryota,0,0
GCA_902713445.1,"C:97.1%[S:47.1%,D:49.9%],F:1.2%,M:1.7%,n:1614",97.1,1567,47.1,761,49.9,806,1.2,20,1.7,27,1614,NULL,eukaryota,0,0
GCA_902728155.2,"C:98.5%[S:90.0%,D:8.5%],F:0.6%,M:0.9%,n:1614",98.5,1590,90,1453,8.5,137,0.6,10,0.9,14,1614,NULL,eukaryota,0,0
GCA_902729315.2,"C:95.4%[S:93.2%,D:2.2%],F:2.0%,M:2.6%,n:1614",95.4,1540,93.2,1505,2.2,35,2,32,2.6,42,1614,NULL,eukaryota,0,0
GCA_903112645.1,"C:93.4%[S:91.0%,D:2.4%],F:2.5%,M:4.1%,n:1614",93.4,1508,91,1469,2.4,39,2.5,40,4.1,66,1614,NULL,eukaryota,0,0
GCA_903114435.1,"C:94.4%[S:91.6%,D:2.9%],F:2.2%,M:3.4%,n:1614",94.4,1524,91.6,1478,2.9,46,2.2,35,3.4,55,1614,NULL,eukaryota,0,0
GCA_904420315.1,"C:91.3%[S:83.5%,D:7.7%],F:1.6%,M:7.1%,n:1614",91.3,1473,83.5,1348,7.7,125,1.6,26,7.1,115,1614,NULL,eukaryota,0,0
GCA_904845875.1,"C:97.2%[S:26.8%,D:70.4%],F:1.4%,M:1.4%,n:1614",97.2,1569,26.8,432,70.4,1137,1.4,22,1.4,23,1614,NULL,eukaryota,0,0
GCA_905183035.1,"C:98.1%[S:6.1%,D:91.9%],F:0.5%,M:1.4%,n:1614",98.1,1583,6.1,99,91.9,1484,0.5,8,1.4,23,1614,NULL,eukaryota,0,0
GCA_905216605.1,"C:95.5%[S:90.1%,D:5.3%],F:0.9%,M:3.6%,n:1614",95.5,1541,90.1,1455,5.3,86,0.9,15,3.6,58,1614,NULL,eukaryota,0,0
GCA_911865555.2,"C:87.3%[S:83.8%,D:3.5%],F:2.5%,M:10.2%,n:1614",87.3,1409,83.8,1352,3.5,57,2.5,41,10.2,164,1614,NULL,eukaryota,0,0
GCA_912172775.2,"C:82.4%[S:70.3%,D:12.1%],F:2.4%,M:15.2%,n:1614",82.4,1330,70.3,1135,12.1,195,2.4,39,15.2,245,1614,NULL,eukaryota,0,0
GCA_928212115.1,"C:91.9%[S:82.2%,D:9.8%],F:2.1%,M:5.9%,n:1614",91.9,1484,82.2,1326,9.8,158,2.1,34,5.9,96,1614,NULL,eukaryota,0,0
GCA_932364175.1,"C:98.0%[S:81.8%,D:16.1%],F:0.9%,M:1.1%,n:1614",98,1581,81.8,1321,16.1,260,0.9,15,1.1,18,1614,NULL,eukaryota,0,0
GCA_944990045.1,"C:96.2%[S:94.2%,D:2.0%],F:1.2%,M:2.6%,n:1614",96.2,1553,94.2,1521,2,32,1.2,19,2.6,42,1614,NULL,eukaryota,0,0
GCA_945859875.1,"C:87.9%[S:70.1%,D:17.7%],F:2.5%,M:9.7%,n:1614",87.9,1418,70.1,1132,17.7,286,2.5,40,9.7,156,1614,NULL,eukaryota,0,0
GCA_945859915.1,"C:90.8%[S:5.4%,D:85.4%],F:0.8%,M:8.4%,n:1614",90.8,1466,5.4,87,85.4,1379,0.8,13,8.4,135,1614,NULL,eukaryota,0,0
GCA_946122785.1,"C:96.0%[S:24.4%,D:71.6%],F:1.3%,M:2.7%,n:1614",96,1550,24.4,394,71.6,1156,1.3,21,2.7,43,1614,NULL,eukaryota,0,0
GCA_947470075.1,"C:45.1%[S:23.7%,D:21.4%],F:9.0%,M:45.8%,n:1614",45.1,728,23.7,382,21.4,346,9,146,45.8,740,1614,NULL,eukaryota,0,0
GCA_947471745.1,"C:49.9%[S:15.1%,D:34.9%],F:8.1%,M:42.0%,n:1614",49.9,806,15.1,243,34.9,563,8.1,130,42,678,1614,NULL,eukaryota,0,0
GCA_948144035.1,"C:44.2%[S:30.2%,D:14.0%],F:9.0%,M:46.8%,n:1614",44.2,713,30.2,487,14,226,9,145,46.8,756,1614,NULL,eukaryota,0,0
GCA_948144175.1,"C:45.0%[S:24.5%,D:20.5%],F:8.7%,M:46.3%,n:1614",45,726,24.5,395,20.5,331,8.7,141,46.3,747,1614,NULL,eukaryota,0,0
GCA_948472305.1,"C:96.1%[S:82.0%,D:14.1%],F:2.4%,M:1.5%,n:1614",96.1,1551,82,1323,14.1,228,2.4,38,1.5,25,1614,NULL,eukaryota,0,0
GCA_949281255.1,"C:35.9%[S:27.5%,D:8.4%],F:10.4%,M:53.7%,n:1614",35.9,579,27.5,444,8.4,135,10.4,168,53.7,867,1614,NULL,eukaryota,0,0
GCA_949281275.1,"C:36.8%[S:29.9%,D:6.9%],F:10.9%,M:52.3%,n:1614",36.8,594,29.9,482,6.9,112,10.9,176,52.3,844,1614,NULL,eukaryota,0,0
GCA_949352195.3,"C:99.9%[S:63.9%,D:35.9%],F:0.0%,M:0.1%,n:1614",99.9,1612,63.9,1032,35.9,580,0,0,0.1,2,1614,NULL,eukaryota,0,0
GCA_949775105.1,"C:94.1%[S:74.9%,D:19.1%],F:1.2%,M:4.8%,n:1614",94.1,1518,74.9,1209,19.1,309,1.2,19,4.8,77,1614,NULL,eukaryota,0,0
GCA_949927565.1,"C:89.9%[S:81.6%,D:8.3%],F:2.2%,M:7.9%,n:1614",89.9,1451,81.6,1317,8.3,134,2.2,36,7.9,127,1614,NULL,eukaryota,0,0
GCA_963425845.1,"C:90.0%[S:86.9%,D:3.1%],F:5.3%,M:4.6%,n:1614",90,1453,86.9,1403,3.1,50,5.3,86,4.6,75,1614,NULL,eukaryota,0,0
GCA_963454935.2,"C:75.2%[S:52.0%,D:23.1%],F:16.4%,M:8.5%,n:1614",75.2,1213,52,840,23.1,373,16.4,264,8.5,137,1614,NULL,eukaryota,0,0
GCA_963859935.3,"C:95.7%[S:80.5%,D:15.2%],F:0.7%,M:3.5%,n:1614",95.7,1545,80.5,1299,15.2,246,0.7,12,3.5,57,1614,NULL,eukaryota,0,0
GCA_963924115.1,"C:88.3%[S:86.9%,D:1.4%],F:5.9%,M:5.8%,n:1614",88.3,1425,86.9,1403,1.4,22,5.9,95,5.8,94,1614,NULL,eukaryota,0,0
GCA_963931745.2,"C:96.1%[S:85.8%,D:10.3%],F:1.3%,M:2.6%,n:1614",96.1,1551,85.8,1385,10.3,166,1.3,21,2.6,42,1614,NULL,eukaryota,0,0
GCA_963931755.2,"C:95.5%[S:86.7%,D:8.8%],F:1.5%,M:2.9%,n:1614",95.5,1542,86.7,1400,8.8,142,1.5,25,2.9,47,1614,NULL,eukaryota,0,0
GCA_963931765.2,"C:95.5%[S:85.4%,D:10.2%],F:2.0%,M:2.4%,n:1614",95.5,1542,85.4,1378,10.2,164,2,33,2.4,39,1614,NULL,eukaryota,0,0
GCA_963970345.1,"C:87.7%[S:76.2%,D:11.5%],F:2.1%,M:10.2%,n:1614",87.7,1415,76.2,1230,11.5,185,2.1,34,10.2,165,1614,NULL,eukaryota,0,0
GCA_963970355.1,"C:88.3%[S:77.8%,D:10.5%],F:1.8%,M:9.9%,n:1614",88.3,1425,77.8,1255,10.5,170,1.8,29,9.9,160,1614,NULL,eukaryota,0,0
GCA_963971075.1,"C:88.2%[S:73.3%,D:14.9%],F:1.9%,M:9.9%,n:1614",88.2,1424,73.3,1183,14.9,241,1.9,31,9.9,159,1614,NULL,eukaryota,0,0
GCA_963978565.1,"C:95.2%[S:93.9%,D:1.3%],F:1.5%,M:3.3%,n:1614",95.2,1537,93.9,1516,1.3,21,1.5,24,3.3,53,1614,NULL,eukaryota,0,0
GCA_964014455.1,"C:87.5%[S:73.2%,D:14.3%],F:2.0%,M:10.5%,n:1614",87.5,1412,73.2,1182,14.3,230,2,32,10.5,170,1614,NULL,eukaryota,0,0
GCA_964019355.1,"C:98.8%[S:84.4%,D:14.4%],F:0.5%,M:0.7%,n:1614",98.8,1595,84.4,1362,14.4,233,0.5,8,0.7,11,1614,NULL,eukaryota,0,0
GCA_964030455.1,"C:97.0%[S:65.5%,D:31.5%],F:1.2%,M:1.7%,n:1614",97,1566,65.5,1057,31.5,509,1.2,20,1.7,28,1614,NULL,eukaryota,0,0
GCA_964030465.3,"C:99.4%[S:0.3%,D:99.1%],F:0.1%,M:0.5%,n:1614",99.4,1604,0.3,5,99.1,1599,0.1,2,0.5,8,1614,NULL,eukaryota,0,0
GCA_964186695.1,"C:99.2%[S:88.4%,D:10.8%],F:0.1%,M:0.7%,n:1614",99.2,1601,88.4,1426,10.8,175,0.1,2,0.7,11,1614,NULL,eukaryota,0,0
GCA_964259005.1,"C:97.2%[S:75.7%,D:21.6%],F:1.5%,M:1.2%,n:1614",97.2,1569,75.7,1221,21.6,348,1.5,25,1.2,20,1614,NULL,eukaryota,0,0
GCA_964267205.1,"C:96.9%[S:93.6%,D:3.3%],F:0.5%,M:2.6%,n:1614",96.9,1564,93.6,1510,3.3,54,0.5,8,2.6,42,1614,NULL,eukaryota,0,0
GCA_964270275.1,"C:95.9%[S:90.8%,D:5.1%],F:1.5%,M:2.5%,n:1614",95.9,1548,90.8,1466,5.1,82,1.5,25,2.5,41,1614,NULL,eukaryota,0,0
GCA_964270295.1,"C:89.8%[S:85.4%,D:4.4%],F:4.0%,M:6.1%,n:1614",89.8,1450,85.4,1379,4.4,71,4,65,6.1,99,1614,NULL,eukaryota,0,0
GCA_964270305.1,"C:97.6%[S:92.4%,D:5.1%],F:0.6%,M:1.8%,n:1614",97.6,1575,92.4,1492,5.1,83,0.6,10,1.8,29,1614,NULL,eukaryota,0,0
GCA_964270695.1,"C:97.2%[S:91.6%,D:5.6%],F:0.9%,M:1.9%,n:1614",97.2,1569,91.6,1478,5.6,91,0.9,15,1.9,30,1614,NULL,eukaryota,0,0
GCA_964270995.1,"C:97.3%[S:91.6%,D:5.7%],F:0.7%,M:2.0%,n:1614",97.3,1571,91.6,1479,5.7,92,0.7,11,2,32,1614,NULL,eukaryota,0,0
GCA_964271285.1,"C:97.2%[S:94.4%,D:2.8%],F:0.7%,M:2.1%,n:1614",97.2,1569,94.4,1524,2.8,45,0.7,11,2.1,34,1614,NULL,eukaryota,0,0
GCA_964340505.1,"C:98.9%[S:63.0%,D:35.9%],F:0.0%,M:1.1%,n:1614",98.9,1596,63,1017,35.9,579,0,0,1.1,18,1614,NULL,eukaryota,0,0
