Accn,C score,Complete.BUSCOs,Single.copy.percentage,Single.copy.BUSCOs,Multi.copy.percentage,Multi.copy.BUSCOs,Frag score,Fragmented.BUSCOs,Missing.percentage,Missing.BUSCOs,n_markers,domain,internal_stop_codon_count,internal_stop_codon_percent,stringAsFactors
GCA_000001735.2,99.6,1608,55.4,894,44.2,714,0.1,1,0.3,5,1614,eukaryota,0,0,FALSE
GCA_000002775.4,99.3,1602,60.5,977,38.7,625,0.2,3,0.6,9,1614,eukaryota,0,0,FALSE
GCA_000003195.3,98.3,1587,70.1,1132,28.2,455,0.9,14,0.8,13,1614,eukaryota,0,0,FALSE
GCA_000003745.2,90.8,1465,88.7,1431,2.1,34,4.8,78,4.4,71,1614,eukaryota,0,0,FALSE
GCA_000004075.3,95.3,1538,93.6,1510,1.7,28,2.6,42,2.1,34,1614,eukaryota,0,0,FALSE
GCA_000004255.1,96.3,1554,94,1517,2.3,37,1.3,21,2.4,39,1614,eukaryota,0,0,FALSE
GCA_000004515.5,99.4,1605,28.5,460,70.9,1145,0.4,6,0.2,3,1614,eukaryota,0,0,FALSE
GCA_000004655.2,91.4,1475,89,1436,2.4,39,4.5,73,4.1,66,1614,eukaryota,0,0,FALSE
GCA_000005005.6,94.8,1530,40.5,654,54.3,876,3.3,54,1.9,30,1614,eukaryota,0,0,FALSE
GCA_000005425.2,73,1178,70.9,1144,2.1,34,9.9,159,17.2,277,1614,eukaryota,0,0,FALSE
GCA_000005505.4,99.3,1602,62,1001,37.2,601,0.4,6,0.4,6,1614,eukaryota,0,0,FALSE
GCA_000143415.2,76.9,1241,12,193,64.9,1048,5.9,96,17.2,277,1614,eukaryota,0,0,FALSE
GCA_000149285.1,90.9,1467,88.6,1430,2.3,37,4.2,67,5,80,1614,eukaryota,0,0,FALSE
GCA_000151685.2,92,1485,90.9,1467,1.1,18,4.6,75,3.3,54,1614,eukaryota,0,0,FALSE
GCA_000211275.1,68,1098,66.1,1067,1.9,31,5.5,89,26.5,427,1614,eukaryota,0,0,FALSE
GCA_000219495.2,96.8,1563,75.8,1223,21.1,340,0.8,13,2.4,38,1614,eukaryota,0,0,FALSE
GCA_000263155.2,97.9,1580,76,1226,21.9,354,1.1,17,1.1,17,1614,eukaryota,0,0,FALSE
GCA_000327365.2,98.4,1588,38,613,60.4,975,1.1,17,0.6,9,1614,eukaryota,0,0,FALSE
GCA_000331365.3,21.6,349,19.8,320,1.8,29,22,355,56.4,910,1614,eukaryota,0,0,FALSE
GCA_000340665.2,89.9,1451,86.1,1390,3.8,61,5.5,89,4.6,74,1614,eukaryota,0,0,FALSE
GCA_000346465.2,99.3,1603,55.6,898,43.7,705,0.2,3,0.5,8,1614,eukaryota,0,0,FALSE
GCA_000347455.1,55.5,896,53.6,865,1.9,31,14.7,237,29.8,481,1614,eukaryota,0,0,FALSE
GCA_000375325.1,95.7,1544,88.5,1429,7.1,115,2.2,36,2.1,34,1614,eukaryota,0,0,FALSE
GCA_000403535.1,99.4,1605,55.3,893,44.1,712,0.2,3,0.4,6,1614,eukaryota,0,0,FALSE
GCA_000414095.2,87.2,1407,83.9,1354,3.3,53,7.5,121,5.3,86,1614,eukaryota,0,0,FALSE
GCA_000441915.1,70.5,1138,69.3,1119,1.2,19,16.2,262,13.3,214,1614,eukaryota,0,0,FALSE
GCA_000471905.1,89.9,1451,88,1421,1.9,30,5.4,87,4.7,76,1614,eukaryota,0,0,FALSE
GCA_000478725.1,98.2,1585,87.9,1418,10.3,167,0.9,14,0.9,15,1614,eukaryota,0,0,FALSE
GCA_000493195.1,93.6,1511,70.1,1131,23.5,380,4.7,76,1.7,27,1614,eukaryota,0,0,FALSE
GCA_000499845.2,98,1582,72.2,1166,25.8,416,1.4,23,0.6,9,1614,eukaryota,0,0,FALSE
GCA_000504015.1,91.3,1473,82.5,1331,8.8,142,5.1,83,3.6,58,1614,eukaryota,0,0,FALSE
GCA_000510995.2,94.1,1518,82.9,1338,11.2,180,4,64,2,32,1614,eukaryota,0,0,FALSE
GCA_000511025.2,97.3,1571,87.6,1414,9.7,157,1.4,22,1.3,21,1614,eukaryota,0,0,FALSE
GCA_000512255.2,86.5,1396,84.6,1365,1.9,31,5.7,92,7.8,126,1614,eukaryota,0,0,FALSE
GCA_000583005.2,63.7,1028,58.1,938,5.6,90,31.5,509,4.8,77,1614,eukaryota,0,0,FALSE
GCA_000612305.2,93.9,1516,63.6,1026,30.4,490,3.4,55,2.7,43,1614,eukaryota,0,0,FALSE
GCA_000695605.1,78.6,1268,45.1,728,33.5,540,14.6,236,6.8,110,1614,eukaryota,0,0,FALSE
GCA_000696525.1,91.8,1481,90.1,1454,1.7,27,4.5,72,3.8,61,1614,eukaryota,0,0,FALSE
GCA_000708835.1,69.3,1119,68.3,1102,1.1,17,4.3,69,26.4,426,1614,eukaryota,0,0,FALSE
GCA_000722935.2,90.3,1457,47.5,767,42.8,690,4.6,75,5.1,82,1614,eukaryota,0,0,FALSE
GCA_000733195.1,79.7,1286,72.6,1171,7.1,115,1.4,22,19,306,1614,eukaryota,0,0,FALSE
GCA_000751015.1,79.6,1284,42.6,687,37,597,1.9,30,18.6,300,1614,eukaryota,0,0,FALSE
GCA_000763605.2,93.2,1504,81,1308,12.1,196,5.3,85,1.5,25,1614,eukaryota,0,0,FALSE
GCA_000787975.1,71.5,1154,61.7,996,9.8,158,4.4,71,24.1,389,1614,eukaryota,0,0,FALSE
GCA_000801105.3,97.8,1579,71.6,1155,26.3,424,0.8,13,1.4,22,1614,eukaryota,0,0,FALSE
GCA_000818735.3,25.2,407,23.5,380,1.7,27,22.4,362,52.4,845,1614,eukaryota,0,0,FALSE
GCA_001185155.1,91.4,1476,89.5,1445,1.9,31,4.5,73,4,65,1614,eukaryota,0,0,FALSE
GCA_001190045.1,83.9,1354,80.9,1306,3,48,7.9,127,8.2,133,1614,eukaryota,0,0,FALSE
GCA_001411555.2,96.1,1551,64,1033,32.1,518,1.4,22,2.5,41,1614,eukaryota,0,0,FALSE
GCA_001433935.1,79.7,1287,72.9,1176,6.9,111,9.2,149,11,178,1614,eukaryota,0,0,FALSE
GCA_001531365.2,86.7,1399,82.7,1335,4,64,7,113,6.3,102,1614,eukaryota,0,0,FALSE
GCA_001598015.1,77.9,1258,75.7,1221,2.3,37,5.5,89,16.5,267,1614,eukaryota,0,0,FALSE
GCA_001605985.2,75.6,1220,73.4,1184,2.2,36,11.2,180,13.3,214,1614,eukaryota,0,0,FALSE
GCA_001625215.2,99.1,1599,94.4,1524,4.6,75,0.4,7,0.5,8,1614,eukaryota,0,0,FALSE
GCA_001633215.2,68.5,1106,66.8,1078,1.7,28,10,161,21.5,347,1614,eukaryota,0,0,FALSE
GCA_001641455.1,80.3,1296,79.2,1279,1.1,17,4.5,73,15.2,245,1614,eukaryota,0,0,FALSE
GCA_001651475.1,94.7,1528,85.3,1377,9.4,151,3.7,59,1.7,27,1614,eukaryota,0,0,FALSE
GCA_001659605.2,99.6,1608,52.4,845,47.3,763,0.3,5,0.1,1,1614,eukaryota,0,0,FALSE
GCA_001661175.1,83,1340,73.7,1189,9.4,151,6.3,101,10.7,173,1614,eukaryota,0,0,FALSE
GCA_001692995.2,79.5,1283,76.5,1234,3,49,5.4,87,15.1,244,1614,eukaryota,0,0,FALSE
GCA_001742945.1,78.2,1262,71.7,1158,6.4,104,12.8,206,9,146,1614,eukaryota,0,0,FALSE
GCA_001865875.1,92.7,1496,78.6,1268,14.1,228,3.7,60,3.6,58,1614,eukaryota,0,0,FALSE
GCA_001876935.1,78.3,1264,75.2,1213,3.2,51,10.8,174,10.9,176,1614,eukaryota,0,0,FALSE
GCA_001879085.1,92.6,1495,90,1453,2.6,42,3.5,56,3.9,63,1614,eukaryota,0,0,FALSE
GCA_001884805.1,25,403,23.2,374,1.8,29,21.4,345,53.7,866,1614,eukaryota,0,0,FALSE
GCA_001884845.1,25,404,23.3,376,1.7,28,22,355,53,855,1614,eukaryota,0,0,FALSE
GCA_001972305.1,96.7,1561,94.5,1525,2.2,36,1.3,21,2,32,1614,eukaryota,0,0,FALSE
GCA_001974805.1,88.4,1426,86.4,1394,2,32,4.3,70,7.3,118,1614,eukaryota,0,0,FALSE
GCA_001974825.2,82.3,1328,80.2,1294,2.1,34,7.4,119,10.3,167,1614,eukaryota,0,0,FALSE
GCA_002127325.2,97.1,1567,86,1388,11.1,179,1.4,23,1.5,24,1614,eukaryota,0,0,FALSE
GCA_002174775.1,92.6,1494,88.8,1434,3.7,60,3,49,4.4,71,1614,eukaryota,0,0,FALSE
GCA_002201585.1,84,1356,81.9,1322,2.1,34,4.1,66,11.9,192,1614,eukaryota,0,0,FALSE
GCA_002211085.2,99.2,1601,69.9,1128,29.3,473,0.4,7,0.4,6,1614,eukaryota,0,0,FALSE
GCA_002220415.3,98.8,1594,4.9,79,93.9,1515,0.1,1,1.2,19,1614,eukaryota,0,0,FALSE
GCA_002271885.2,81.5,1315,79.6,1284,1.9,31,6.2,100,12.3,199,1614,eukaryota,0,0,FALSE
GCA_002271895.2,79.9,1290,77.8,1256,2.1,34,8.6,139,11.5,185,1614,eukaryota,0,0,FALSE
GCA_002738505.1,97.6,1576,56.3,909,41.3,667,1.4,22,1,16,1614,eukaryota,0,0,FALSE
GCA_002762385.1,79.1,1276,67.6,1091,11.5,185,9.3,150,11.6,188,1614,eukaryota,0,0,FALSE
GCA_002786265.1,81.5,1315,80,1292,1.4,23,8.4,135,10.2,164,1614,eukaryota,0,0,FALSE
GCA_002837095.1,73,1178,71.6,1156,1.4,22,19.3,312,7.7,124,1614,eukaryota,0,0,FALSE
GCA_002870075.4,91.1,1471,87.9,1419,3.2,52,2.2,36,6.6,107,1614,eukaryota,0,0,FALSE
GCA_002897195.1,92,1485,62,1000,30,485,4.6,75,3.3,54,1614,eukaryota,0,0,FALSE
GCA_002906115.5,79.7,1287,73.1,1180,6.6,107,10.2,165,10,162,1614,eukaryota,0,0,FALSE
GCA_002914805.1,92.9,1500,91.8,1481,1.2,19,5.4,87,1.7,27,1614,eukaryota,0,0,FALSE
GCA_002914845.1,92.3,1489,90.3,1457,2,32,5.9,95,1.9,30,1614,eukaryota,0,0,FALSE
GCA_002926015.1,80.6,1301,74.2,1198,6.4,103,8.1,130,11.3,183,1614,eukaryota,0,0,FALSE
GCA_002928715.1,79.7,1287,69.4,1120,10.3,167,7.6,122,12.7,205,1614,eukaryota,0,0,FALSE
GCA_002966975.2,80.7,1302,53.2,859,27.4,443,7.9,127,11.5,185,1614,eukaryota,0,0,FALSE
GCA_002994745.2,97.1,1567,92.8,1498,4.3,69,2,32,0.9,15,1614,eukaryota,0,0,FALSE
GCA_003024255.1,94.4,1524,73.6,1188,20.8,336,2.5,41,3,49,1614,eukaryota,0,0,FALSE
GCA_003032435.1,87.5,1412,68.8,1111,18.6,301,1.2,20,11.3,182,1614,eukaryota,0,0,FALSE
GCA_003046395.2,94.8,1530,35.1,567,59.7,963,2.2,36,3,48,1614,eukaryota,0,0,FALSE
GCA_003061485.1,99.3,1602,73.5,1186,25.8,416,0.3,5,0.4,7,1614,eukaryota,0,0,FALSE
GCA_003112345.1,90.5,1461,56.5,912,34,549,2.8,45,6.7,108,1614,eukaryota,0,0,FALSE
GCA_003185045.1,87.2,1407,62.5,1009,24.7,398,8.2,133,4.6,74,1614,eukaryota,0,0,FALSE
GCA_003260385.1,84.9,1371,82.5,1331,2.5,40,2.3,37,12.8,206,1614,eukaryota,0,0,FALSE
GCA_003260635.2,40.8,658,36.7,593,4,65,17.3,279,41.9,677,1614,eukaryota,0,0,FALSE
GCA_003260655.2,71.9,1161,64.7,1044,7.2,117,8.2,133,19.8,320,1614,eukaryota,0,0,FALSE
GCA_003260675.2,58.3,941,52.3,844,6,97,12.1,196,29.6,477,1614,eukaryota,0,0,FALSE
GCA_003260695.2,40,646,36.5,589,3.5,57,17.5,282,42.5,686,1614,eukaryota,0,0,FALSE
GCA_003370565.1,84,1355,81.2,1310,2.8,45,6.3,101,9.8,158,1614,eukaryota,0,0,FALSE
GCA_003427395.1,48,775,43.2,698,4.8,77,9.5,153,42.5,686,1614,eukaryota,0,0,FALSE
GCA_003434825.1,96.3,1554,78.9,1273,17.4,281,2,32,1.7,28,1614,eukaryota,0,0,FALSE
GCA_003473485.2,97.3,1571,92.6,1495,4.7,76,2,32,0.7,11,1614,eukaryota,0,0,FALSE
GCA_003490085.1,3.5,56,3.2,52,0.2,4,18.2,294,78.3,1264,1614,eukaryota,0,0,FALSE
GCA_003546025.1,87.5,1412,82,1324,5.5,88,3.7,59,8.9,143,1614,eukaryota,0,0,FALSE
GCA_003573695.1,90.6,1463,35.5,573,55.1,890,3,48,6.4,103,1614,eukaryota,0,0,FALSE
GCA_003713155.1,96.3,1555,13.4,217,82.9,1338,0.4,7,3.2,52,1614,eukaryota,0,0,FALSE
GCA_003952965.2,80.2,1294,69,1113,11.2,181,6.8,109,13.1,211,1614,eukaryota,0,0,FALSE
GCA_003958685.2,96,1550,92.5,1493,3.5,57,2.3,37,1.7,27,1614,eukaryota,0,0,FALSE
GCA_004007595.1,75.4,1217,66.9,1079,8.6,138,8.7,141,15.9,256,1614,eukaryota,0,0,FALSE
GCA_004011995.1,63.8,1029,34.6,558,29.2,471,23,372,13.2,213,1614,eukaryota,0,0,FALSE
GCA_004114815.1,82,1324,78.6,1269,3.4,55,4.2,68,13.8,222,1614,eukaryota,0,0,FALSE
GCA_004115005.2,87.4,1411,75.2,1214,12.2,197,7.4,120,5.1,83,1614,eukaryota,0,0,FALSE
GCA_004115385.1,93.6,1511,63.4,1024,30.2,487,1.5,24,4.9,79,1614,eukaryota,0,0,FALSE
GCA_004153795.2,67.8,1095,61.2,988,6.6,107,12.3,199,19.8,320,1614,eukaryota,0,0,FALSE
GCA_004170445.1,95.6,1543,16.6,268,79,1275,1.2,20,3.2,51,1614,eukaryota,0,0,FALSE
GCA_004193775.2,98.5,1589,25.2,407,73.2,1182,1.1,18,0.4,7,1614,eukaryota,0,0,FALSE
GCA_004295705.1,13,210,11.8,190,1.2,20,1.5,24,85.5,1380,1614,eukaryota,0,0,FALSE
GCA_004303085.2,83.1,1341,79.8,1288,3.3,53,1.9,30,15.1,243,1614,eukaryota,0,0,FALSE
GCA_004320505.1,94.2,1521,91.4,1476,2.8,45,2.9,46,2.9,47,1614,eukaryota,0,0,FALSE
GCA_004329165.1,89.5,1444,85.1,1373,4.4,71,7.7,125,2.8,45,1614,eukaryota,0,0,FALSE
GCA_004379255.2,94.1,1519,31.1,502,63,1017,2.4,39,3.5,56,1614,eukaryota,0,0,FALSE
GCA_004837865.1,86.9,1402,82.3,1329,4.5,73,4.5,73,8.6,139,1614,eukaryota,0,0,FALSE
GCA_005223365.2,86.3,1393,63.9,1031,22.4,362,4.9,79,8.8,142,1614,eukaryota,0,0,FALSE
GCA_005239225.1,96.5,1557,80.4,1298,16,259,1,16,2.5,41,1614,eukaryota,0,0,FALSE
GCA_005286985.2,99.6,1608,64.2,1036,35.4,572,0.4,6,0,0,1614,eukaryota,0,0,FALSE
GCA_005393395.2,75.6,1220,64.9,1047,10.7,173,6.7,108,17.7,286,1614,eukaryota,0,0,FALSE
GCA_005549215.1,79.3,1280,77.9,1257,1.4,23,8.2,132,12.5,202,1614,eukaryota,0,0,FALSE
GCA_005549225.1,76.1,1229,74.8,1208,1.3,21,10.1,163,13.8,222,1614,eukaryota,0,0,FALSE
GCA_006013705.1,85.6,1382,84.5,1364,1.1,18,2,33,12.3,199,1614,eukaryota,0,0,FALSE
GCA_006381635.2,86.8,1401,47.5,766,39.3,635,6.1,99,7.1,114,1614,eukaryota,0,0,FALSE
GCA_006547085.1,88.1,1422,62.4,1007,25.7,415,5.3,86,6.6,106,1614,eukaryota,0,0,FALSE
GCA_006937295.1,83.8,1353,72.5,1170,11.3,183,3.2,52,12.9,209,1614,eukaryota,0,0,FALSE
GCA_007726485.1,91,1468,64.1,1034,26.9,434,2.7,43,6.4,103,1614,eukaryota,0,0,FALSE
GCA_007844105.2,96.2,1552,92.2,1488,4,64,1.2,20,2.6,42,1614,eukaryota,0,0,FALSE
GCA_007990325.1,99.8,1611,5.8,93,94.1,1518,0.1,1,0.1,2,1614,eukaryota,0,0,FALSE
GCA_007990345.1,99.4,1604,5,81,94.4,1523,0.4,6,0.2,4,1614,eukaryota,0,0,FALSE
GCA_007990455.1,99.3,1603,5,80,94.4,1523,0.5,8,0.2,3,1614,eukaryota,0,0,FALSE
GCA_007990485.1,99.8,1610,4.6,74,95.2,1536,0.1,2,0.1,2,1614,eukaryota,0,0,FALSE
GCA_008009225.1,92.6,1494,88.8,1433,3.8,61,2.6,42,4.8,78,1614,eukaryota,0,0,FALSE
GCA_008124465.1,69,1114,65,1049,4,65,15.7,254,15.2,246,1614,eukaryota,0,0,FALSE
GCA_008632915.2,62.8,1013,58.8,949,4,64,7.7,125,29.5,476,1614,eukaryota,0,0,FALSE
GCA_008636005.1,90.5,1461,84.1,1358,6.4,103,3.3,54,6.1,99,1614,eukaryota,0,0,FALSE
GCA_008638375.1,87.8,1417,81.2,1310,6.6,107,7.7,125,4.5,72,1614,eukaryota,0,0,FALSE
GCA_008761655.1,99.6,1608,4.8,77,94.9,1531,0.2,3,0.2,3,1614,eukaryota,0,0,FALSE
GCA_008932095.1,90.7,1464,62.5,1009,28.2,455,1.6,26,7.7,124,1614,eukaryota,0,0,FALSE
GCA_009078335.1,92.8,1498,81.3,1312,11.5,186,2.6,42,4.6,74,1614,eukaryota,0,0,FALSE
GCA_009363875.1,88.3,1425,64.1,1035,24.2,390,3.9,63,7.8,126,1614,eukaryota,0,0,FALSE
GCA_009445465.1,64.3,1037,62,1000,2.3,37,18.6,301,17.1,276,1614,eukaryota,0,0,FALSE
GCA_009746105.1,77,1242,74.5,1202,2.5,40,12,194,11,178,1614,eukaryota,0,0,FALSE
GCA_009771035.1,96,1549,83.7,1351,12.3,198,2.9,47,1.1,18,1614,eukaryota,0,0,FALSE
GCA_009797565.1,99.4,1604,72.1,1163,27.3,441,0.3,5,0.3,5,1614,eukaryota,0,0,FALSE
GCA_009905375.1,4.8,77,4.6,75,0.1,2,1,16,94.2,1521,1614,eukaryota,0,0,FALSE
GCA_009936355.2,87.4,1410,68.6,1108,18.7,302,1.2,20,11.4,184,1614,eukaryota,0,0,FALSE
GCA_010261695.1,94.2,1521,82,1324,12.2,197,0.9,14,4.9,79,1614,eukaryota,0,0,FALSE
GCA_010458925.1,68.8,1111,54.8,884,14.1,227,15,242,16.2,261,1614,eukaryota,0,0,FALSE
GCA_011114355.1,84.9,1371,78.3,1263,6.7,108,2.4,39,12.6,204,1614,eukaryota,0,0,FALSE
GCA_011745845.1,87.5,1413,85.7,1383,1.9,30,7.2,116,5.3,85,1614,eukaryota,0,0,FALSE
GCA_011745865.1,82.6,1333,80.7,1303,1.9,30,8.9,143,8.6,138,1614,eukaryota,0,0,FALSE
GCA_011799765.1,79.9,1289,76.5,1234,3.4,55,10.3,166,9.9,159,1614,eukaryota,0,0,FALSE
GCA_012273815.2,98.2,1585,29.5,476,68.7,1109,0.6,9,1.2,20,1614,eukaryota,0,0,FALSE
GCA_012274485.2,98.3,1587,68.6,1108,29.7,479,1.2,20,0.4,7,1614,eukaryota,0,0,FALSE
GCA_012923435.1,91.9,1483,79.2,1279,12.6,204,3.1,50,5,81,1614,eukaryota,0,0,FALSE
GCA_013030025.1,93,1501,59.7,963,33.3,538,2.2,35,4.8,78,1614,eukaryota,0,0,FALSE
GCA_013358455.1,86.2,1392,83.4,1346,2.9,46,9,145,4.8,77,1614,eukaryota,0,0,FALSE
GCA_013401445.1,92.3,1489,78.6,1268,13.7,221,4.2,67,3.6,58,1614,eukaryota,0,0,FALSE
GCA_013467465.1,57,920,53.4,862,3.6,58,8.2,132,34.8,562,1614,eukaryota,0,0,FALSE
GCA_013467475.1,49.6,801,46.7,754,2.9,47,15.9,257,34.4,556,1614,eukaryota,0,0,FALSE
GCA_013467485.1,43.3,699,40.3,651,3,48,15.9,257,40.8,658,1614,eukaryota,0,0,FALSE
GCA_013467495.1,41.6,672,38.5,621,3.2,51,7.1,114,51.3,828,1614,eukaryota,0,0,FALSE
GCA_013487665.1,40.5,654,37.5,605,3,49,17.2,278,42.3,682,1614,eukaryota,0,0,FALSE
GCA_013511315.1,51.6,833,47.6,768,4,65,11.6,188,36.7,593,1614,eukaryota,0,0,FALSE
GCA_013676235.1,81.2,1310,75.8,1224,5.3,86,7.6,122,11.3,182,1614,eukaryota,0,0,FALSE
GCA_013677235.1,56.4,911,52.5,848,3.9,63,9.9,159,33.7,544,1614,eukaryota,0,0,FALSE
GCA_013677245.1,56.9,918,53.3,861,3.5,57,8.9,143,34.3,553,1614,eukaryota,0,0,FALSE
GCA_013677255.1,41.8,675,39.4,636,2.4,39,17,274,41.2,665,1614,eukaryota,0,0,FALSE
GCA_013677265.1,43.8,707,40.6,656,3.2,51,16,259,40.1,648,1614,eukaryota,0,0,FALSE
GCA_013677275.1,59.8,965,55.5,896,4.3,69,7.2,117,33,532,1614,eukaryota,0,0,FALSE
GCA_014058105.1,75.9,1225,69.8,1127,6.1,98,15.1,244,9,145,1614,eukaryota,0,0,FALSE
GCA_014180765.2,79.9,1289,77.9,1257,2,32,2.9,46,17.3,279,1614,eukaryota,0,0,FALSE
GCA_014282035.1,88.9,1435,56.6,913,32.3,522,2,33,9,146,1614,eukaryota,0,0,FALSE
GCA_014282085.1,66.7,1076,50.2,810,16.5,266,2.7,43,30.7,495,1614,eukaryota,0,0,FALSE
GCA_014282095.1,95.8,1547,48.9,789,47,758,2.2,35,2,32,1614,eukaryota,0,0,FALSE
GCA_014282145.1,96.6,1559,47.2,762,49.4,797,1.2,19,2.2,36,1614,eukaryota,0,0,FALSE
GCA_014282245.1,90,1453,82.4,1330,7.6,123,3.4,55,6.6,106,1614,eukaryota,0,0,FALSE
GCA_014282345.1,97.9,1580,46.3,747,51.6,833,0.6,9,1.5,25,1614,eukaryota,0,0,FALSE
GCA_014319735.1,0.1,2,0.1,2,0,0,0.2,4,99.6,1608,1614,eukaryota,0,0,FALSE
GCA_014362265.1,66.7,1076,53.2,859,13.4,217,16.7,269,16.7,269,1614,eukaryota,0,0,FALSE
GCA_014529385.2,84,1355,70.1,1131,13.9,224,4,65,12,194,1614,eukaryota,0,0,FALSE
GCA_014851425.1,89.8,1449,84.7,1367,5.1,82,4,65,6.2,100,1614,eukaryota,0,0,FALSE
GCA_014858505.1,95.5,1542,66.7,1077,28.8,465,3.6,58,0.9,14,1614,eukaryota,0,0,FALSE
GCA_014871385.1,86.7,1400,62.4,1007,24.3,393,2.3,37,11,177,1614,eukaryota,0,0,FALSE
GCA_014871845.1,87.4,1410,63.8,1029,23.6,381,2,33,10.6,171,1614,eukaryota,0,0,FALSE
GCA_014905375.1,84.3,1360,79.8,1288,4.5,72,9.7,157,6,97,1614,eukaryota,0,0,FALSE
GCA_015143295.1,83.2,1343,73.1,1180,10.1,163,7.9,128,8.9,143,1614,eukaryota,0,0,FALSE
GCA_015342445.1,95,1533,15.7,253,79.3,1280,1.3,21,3.7,60,1614,eukaryota,0,0,FALSE
GCA_015680905.1,78.9,1274,72.9,1176,6.1,98,9.8,158,11.3,182,1614,eukaryota,0,0,FALSE
GCA_015731905.1,91.5,1477,83.3,1344,8.2,133,2,32,6.5,105,1614,eukaryota,0,0,FALSE
GCA_015852605.2,94.8,1530,54.3,876,40.5,654,2.2,35,3,49,1614,eukaryota,0,0,FALSE
GCA_015952705.1,96.2,1552,78.6,1269,17.5,283,1.9,31,1.9,31,1614,eukaryota,0,0,FALSE
GCA_016081115.2,97,1565,44.8,723,52.2,842,0.6,10,2.4,39,1614,eukaryota,0,0,FALSE
GCA_016413885.1,74.9,1209,65.4,1056,9.5,153,11.7,189,13.4,216,1614,eukaryota,0,0,FALSE
GCA_016413895.1,75.3,1216,65.2,1052,10.2,164,11.5,186,13.1,212,1614,eukaryota,0,0,FALSE
GCA_016771965.1,91.4,1475,22.4,361,69,1114,1.7,28,6.9,111,1614,eukaryota,0,0,FALSE
GCA_016808095.1,92.3,1490,89.5,1444,2.9,46,3.6,58,4.1,66,1614,eukaryota,0,0,FALSE
GCA_016808215.1,98.6,1592,46.5,751,52.1,841,0.9,14,0.5,8,1614,eukaryota,0,0,FALSE
GCA_016808335.1,99.8,1610,8.4,135,91.4,1475,0.2,3,0.1,1,1614,eukaryota,0,0,FALSE
GCA_017552425.1,95.8,1546,78.9,1273,16.9,273,2.7,44,1.5,24,1614,eukaryota,0,0,FALSE
GCA_017639395.1,91,1468,77.6,1253,13.3,215,1.2,19,7.9,127,1614,eukaryota,0,0,FALSE
GCA_018107945.1,85.2,1375,83.6,1349,1.6,26,10.1,163,4.7,76,1614,eukaryota,0,0,FALSE
GCA_018127125.1,91,1468,60.1,970,30.9,498,4,65,5,81,1614,eukaryota,0,0,FALSE
GCA_018258275.1,86,1388,83.3,1344,2.7,44,9.8,158,4.2,68,1614,eukaryota,0,0,FALSE
GCA_018446385.1,91.1,1470,19.8,319,71.3,1151,4.5,73,4.4,71,1614,eukaryota,0,0,FALSE
GCA_018687715.1,96.3,1555,61.5,992,34.9,563,2.6,42,1.1,17,1614,eukaryota,0,0,FALSE
GCA_018688675.1,98.1,1584,50.2,810,48,774,1.2,20,0.6,10,1614,eukaryota,0,0,FALSE
GCA_018689175.1,94.5,1526,51.2,826,43.4,700,1.7,27,3.8,61,1614,eukaryota,0,0,FALSE
GCA_018691285.1,97.3,1570,81.5,1316,15.7,254,1,16,1.7,28,1614,eukaryota,0,0,FALSE
GCA_018804465.1,95.8,1547,16.7,269,79.2,1278,1.7,28,2.4,39,1614,eukaryota,0,0,FALSE
GCA_019202795.1,99.8,1610,6.2,100,93.6,1510,0.2,3,0.1,1,1614,eukaryota,0,0,FALSE
GCA_019202805.1,99.5,1606,5.1,83,94.4,1523,0.1,2,0.4,6,1614,eukaryota,0,0,FALSE
GCA_019279435.1,84.9,1371,50.5,815,34.4,556,10,162,5,81,1614,eukaryota,0,0,FALSE
GCA_019321725.1,97.5,1574,84,1356,13.5,218,1.7,27,0.8,13,1614,eukaryota,0,0,FALSE
GCA_019426215.1,93.3,1506,86.4,1394,6.9,112,3.1,50,3.6,58,1614,eukaryota,0,0,FALSE
GCA_019455425.1,83,1339,78,1259,5,80,1.7,28,15.3,247,1614,eukaryota,0,0,FALSE
GCA_019511825.2,85.9,1387,23.9,385,62.1,1002,2.2,35,11.9,192,1614,eukaryota,0,0,FALSE
GCA_019512045.2,82.7,1334,79.4,1281,3.3,53,1.7,28,15.6,252,1614,eukaryota,0,0,FALSE
GCA_019722365.1,78.6,1269,69,1113,9.7,156,10.2,165,11.2,180,1614,eukaryota,0,0,FALSE
GCA_019776745.2,50.4,814,46.6,752,3.8,62,22.3,360,27.3,440,1614,eukaryota,0,0,FALSE
GCA_019845555.1,96.4,1556,94.1,1519,2.3,37,1.4,22,2.2,36,1614,eukaryota,0,0,FALSE
GCA_019925795.1,77.3,1248,72.4,1169,4.9,79,5.5,88,17.2,278,1614,eukaryota,0,0,FALSE
GCA_020169535.1,91.2,1472,87.9,1419,3.3,53,3.1,50,5.7,92,1614,eukaryota,0,0,FALSE
GCA_020169555.1,89,1437,86.2,1392,2.8,45,2.7,44,8.2,133,1614,eukaryota,0,0,FALSE
GCA_020169575.1,90.3,1458,87.6,1414,2.7,44,3,49,6.6,107,1614,eukaryota,0,0,FALSE
GCA_020169585.1,92.1,1486,88.5,1428,3.6,58,2.5,40,5.5,88,1614,eukaryota,0,0,FALSE
GCA_020310875.1,84,1356,33.7,544,50.3,812,4.8,77,11.2,181,1614,eukaryota,0,0,FALSE
GCA_020379485.1,96.1,1551,10.5,169,85.6,1382,0.5,8,3.4,55,1614,eukaryota,0,0,FALSE
GCA_020424065.1,89.2,1439,79.7,1287,9.4,152,3.7,59,7.2,116,1614,eukaryota,0,0,FALSE
GCA_020496765.1,97.7,1577,91.1,1471,6.6,106,1.4,23,0.9,14,1614,eukaryota,0,0,FALSE
GCA_020497155.1,96.5,1558,33.5,540,63.1,1018,0.9,14,2.6,42,1614,eukaryota,0,0,FALSE
GCA_020521535.1,88.5,1428,67.5,1089,21,339,7.4,120,4.1,66,1614,eukaryota,0,0,FALSE
GCA_020796205.1,66.4,1071,62.1,1003,4.2,68,2.2,35,31.5,508,1614,eukaryota,0,0,FALSE
GCA_020796215.1,89,1436,84.7,1367,4.3,69,3.4,55,7.6,123,1614,eukaryota,0,0,FALSE
GCA_020875875.1,96.8,1563,57.4,926,39.5,637,1.8,29,1.4,22,1614,eukaryota,0,0,FALSE
GCA_020921065.1,92.4,1491,86.6,1397,5.8,94,1.7,28,5.9,95,1614,eukaryota,0,0,FALSE
GCA_021292205.2,90.2,1456,86.1,1390,4.1,66,1.8,29,8,129,1614,eukaryota,0,0,FALSE
GCA_021442195.1,89.5,1445,44.3,715,45.2,730,1.9,30,8.6,139,1614,eukaryota,0,0,FALSE
GCA_021604985.1,69.8,1127,36.1,582,33.8,545,16.5,267,13.6,220,1614,eukaryota,0,0,FALSE
GCA_021904315.1,89,1437,42.5,686,46.5,751,2.2,35,8.8,142,1614,eukaryota,0,0,FALSE
GCA_022085475.1,81.7,1318,69.6,1124,12,194,6.1,99,12.2,197,1614,eukaryota,0,0,FALSE
GCA_022201045.1,99.2,1601,30.1,486,69.1,1115,0.2,4,0.6,9,1614,eukaryota,0,0,FALSE
GCA_022201065.1,99.3,1602,29.9,483,69.3,1119,0.2,4,0.5,8,1614,eukaryota,0,0,FALSE
GCA_022343405.2,71.9,1160,33,532,38.9,628,10.7,172,17.5,282,1614,eukaryota,0,0,FALSE
GCA_022379115.2,98.5,1590,71.6,1156,26.9,434,0.5,8,1,16,1614,eukaryota,0,0,FALSE
GCA_022539455.1,93.4,1507,89,1437,4.3,70,2.9,47,3.7,60,1614,eukaryota,0,0,FALSE
GCA_023344035.1,61.6,995,59.6,962,2,33,3,49,35.3,570,1614,eukaryota,0,0,FALSE
GCA_023376185.1,81,1308,77.5,1251,3.5,57,1.1,18,17.8,288,1614,eukaryota,0,0,FALSE
GCA_023525715.1,82.3,1328,76.9,1241,5.4,87,1.3,21,16.4,265,1614,eukaryota,0,0,FALSE
GCA_023525745.1,86.9,1402,82.2,1326,4.7,76,1.4,23,11.7,189,1614,eukaryota,0,0,FALSE
GCA_023525975.1,97.9,1580,24.5,396,73.4,1184,1,16,1.1,18,1614,eukaryota,0,0,FALSE
GCA_023529015.1,68.7,1109,49.8,804,18.9,305,8.4,135,22.9,370,1614,eukaryota,0,0,FALSE
GCA_023529315.1,95.6,1543,87.9,1419,7.7,124,2.1,34,2.3,37,1614,eukaryota,0,0,FALSE
GCA_023531105.1,95.9,1548,90.4,1459,5.5,89,2.1,34,2,32,1614,eukaryota,0,0,FALSE
GCA_023531295.1,95.2,1536,60.2,971,35,565,2.5,40,2.4,38,1614,eukaryota,0,0,FALSE
GCA_023531435.1,94.3,1522,46.2,745,48.1,777,2,33,3.7,59,1614,eukaryota,0,0,FALSE
GCA_023547065.1,91.6,1478,47.1,761,44.4,717,4.8,77,3.7,59,1614,eukaryota,0,0,FALSE
GCA_023653495.1,95.8,1547,72.3,1167,23.5,380,1.1,18,3,49,1614,eukaryota,0,0,FALSE
GCA_024137805.1,95.6,1543,85.9,1386,9.7,157,1.2,20,3.2,51,1614,eukaryota,0,0,FALSE
GCA_024323335.2,98.6,1592,67.3,1086,31.4,506,0.6,9,0.8,13,1614,eukaryota,0,0,FALSE
GCA_024362645.1,98.4,1588,60.3,974,38,614,0.7,11,0.9,15,1614,eukaryota,0,0,FALSE
GCA_024505715.1,92.3,1489,90.3,1457,2,32,4,64,3.8,61,1614,eukaryota,0,0,FALSE
GCA_024733475.1,91.1,1470,88.2,1423,2.9,47,4.5,72,4.5,72,1614,eukaryota,0,0,FALSE
GCA_024762085.1,70,1129,46.8,755,23.2,374,7.4,119,22.7,366,1614,eukaryota,0,0,FALSE
GCA_025200525.1,93.9,1515,78.8,1272,15.1,243,3.3,53,2.9,46,1614,eukaryota,0,0,FALSE
GCA_025413875.1,91.3,1473,61.7,996,29.6,477,4.3,69,4.5,72,1614,eukaryota,0,0,FALSE
GCA_025563575.1,97,1566,85.2,1375,11.8,191,1.6,26,1.4,22,1614,eukaryota,0,0,FALSE
GCA_025594385.1,93.6,1511,88.9,1435,4.7,76,2.2,35,4.2,68,1614,eukaryota,0,0,FALSE
GCA_026074375.1,92.7,1496,70.8,1143,21.9,353,5.1,82,2.2,36,1614,eukaryota,0,0,FALSE
GCA_026225825.1,77.1,1244,73.8,1191,3.3,53,16.1,260,6.8,110,1614,eukaryota,0,0,FALSE
GCA_026229545.1,72.7,1173,67.8,1094,4.9,79,17.8,287,9.5,154,1614,eukaryota,0,0,FALSE
GCA_026261945.1,96,1550,73,1178,23,372,0.4,7,3.5,57,1614,eukaryota,0,0,FALSE
GCA_026538245.1,97.5,1573,86.8,1401,10.7,172,1.5,24,1.1,17,1614,eukaryota,0,0,FALSE
GCA_026538285.1,90.3,1457,80.5,1300,9.7,157,6.3,101,3.5,56,1614,eukaryota,0,0,FALSE
GCA_026573395.1,98.7,1593,69.3,1119,29.4,474,0.3,5,1,16,1614,eukaryota,0,0,FALSE
GCA_026586065.1,96.2,1553,82.5,1332,13.7,221,1.4,22,2.4,39,1614,eukaryota,0,0,FALSE
GCA_026651665.1,88.1,1422,78.7,1270,9.4,152,8.1,131,3.8,61,1614,eukaryota,0,0,FALSE
GCA_026651675.1,90.6,1463,79.8,1288,10.8,175,6.2,100,3.2,51,1614,eukaryota,0,0,FALSE
GCA_026651695.1,97,1565,85.1,1373,11.9,192,1.3,21,1.7,28,1614,eukaryota,0,0,FALSE
GCA_026651735.1,94.2,1521,83.9,1354,10.3,167,1.5,25,4.2,68,1614,eukaryota,0,0,FALSE
GCA_026651805.1,96.8,1563,84.8,1368,12.1,195,1.4,22,1.8,29,1614,eukaryota,0,0,FALSE
GCA_026652165.1,96.3,1554,83.3,1345,12.9,209,2.1,34,1.6,26,1614,eukaryota,0,0,FALSE
GCA_026901365.1,71.2,1149,54,872,17.2,277,7.1,114,21.7,351,1614,eukaryota,0,0,FALSE
GCA_027562975.1,88.5,1428,85.8,1385,2.7,43,1.2,20,10.3,166,1614,eukaryota,0,0,FALSE
GCA_027725995.1,87.4,1410,83.8,1352,3.6,58,1.5,24,11.2,180,1614,eukaryota,0,0,FALSE
GCA_027726005.1,87.2,1408,85.4,1379,1.8,29,1.2,19,11.6,187,1614,eukaryota,0,0,FALSE
GCA_027943385.1,53.2,859,39.2,632,14.1,227,5.9,96,40.8,659,1614,eukaryota,0,0,FALSE
GCA_027943415.1,55.8,900,38.4,619,17.4,281,5.8,93,38.5,621,1614,eukaryota,0,0,FALSE
GCA_028052125.1,97.6,1576,73.8,1191,23.9,385,1.4,22,1,16,1614,eukaryota,0,0,FALSE
GCA_028095005.1,91.6,1479,1.4,23,90.2,1456,0.8,13,7.6,122,1614,eukaryota,0,0,FALSE
GCA_028386065.3,87.5,1412,81.2,1310,6.3,102,5.3,86,7.2,116,1614,eukaryota,0,0,FALSE
GCA_028411795.1,98.8,1594,89.3,1442,9.4,152,0.5,8,0.7,12,1614,eukaryota,0,0,FALSE
GCA_028583415.1,97.9,1580,90,1453,7.9,127,1,16,1.1,18,1614,eukaryota,0,0,FALSE
GCA_029030645.1,82.9,1338,64.7,1044,18.2,294,10.3,167,6.8,109,1614,eukaryota,0,0,FALSE
GCA_029030655.1,75.5,1218,58.4,943,17,275,11.7,189,12.8,207,1614,eukaryota,0,0,FALSE
GCA_029030765.1,78.9,1273,60.9,983,18,290,10.7,172,10.5,169,1614,eukaryota,0,0,FALSE
GCA_029204005.1,77.8,1255,58.7,947,19.1,308,11.8,190,10.5,169,1614,eukaryota,0,0,FALSE
GCA_029204225.1,88.5,1429,23.8,384,64.7,1045,2.9,47,8.6,138,1614,eukaryota,0,0,FALSE
GCA_029216955.1,82.8,1337,14.5,234,68.3,1103,6.9,111,10.3,166,1614,eukaryota,0,0,FALSE
GCA_029228465.1,87.8,1417,69.8,1127,18,290,7.2,117,5,80,1614,eukaryota,0,0,FALSE
GCA_029228485.1,92.1,1486,63.4,1023,28.7,463,3.4,55,4.5,73,1614,eukaryota,0,0,FALSE
GCA_029228495.1,86.1,1389,65.6,1059,20.4,330,8.2,133,5.7,92,1614,eukaryota,0,0,FALSE
GCA_029228505.1,91.8,1482,63.3,1022,28.5,460,3.3,53,4.9,79,1614,eukaryota,0,0,FALSE
GCA_029228515.1,91.1,1470,60.5,977,30.5,493,3.8,61,5.1,83,1614,eukaryota,0,0,FALSE
GCA_029228605.1,78.1,1260,58.6,945,19.5,315,10.7,173,11.2,181,1614,eukaryota,0,0,FALSE
GCA_029379385.1,95.8,1547,67.3,1087,28.5,460,2.6,42,1.5,25,1614,eukaryota,0,0,FALSE
GCA_029747015.1,77.9,1258,73.3,1183,4.6,75,10.6,171,11.5,185,1614,eukaryota,0,0,FALSE
GCA_029747655.1,96.3,1554,91,1469,5.3,85,1.7,27,2,33,1614,eukaryota,0,0,FALSE
GCA_029783415.1,95.8,1546,66.4,1072,29.4,474,1,16,3.2,52,1614,eukaryota,0,0,FALSE
GCA_029852735.1,92.7,1496,87.9,1419,4.8,77,3.3,53,4,65,1614,eukaryota,0,0,FALSE
GCA_029891385.1,97.5,1573,91,1469,6.4,104,1.5,24,1.1,17,1614,eukaryota,0,0,FALSE
GCA_030052815.1,96.6,1559,72.1,1164,24.5,395,0.8,13,2.6,42,1614,eukaryota,0,0,FALSE
GCA_030169165.1,74.5,1203,73.4,1184,1.2,19,3.7,60,21.7,351,1614,eukaryota,0,0,FALSE
GCA_030254885.1,82.8,1336,62.6,1010,20.2,326,3.4,55,13.8,223,1614,eukaryota,0,0,FALSE
GCA_030270665.1,98.8,1594,59.8,965,39,629,0.6,10,0.6,10,1614,eukaryota,0,0,FALSE
GCA_030272615.1,91.3,1474,85.9,1386,5.5,88,2.6,42,6.1,98,1614,eukaryota,0,0,FALSE
GCA_030408175.1,99.5,1606,3.5,57,96,1549,0.2,3,0.3,5,1614,eukaryota,0,0,FALSE
GCA_030490815.1,92.9,1499,86.2,1391,6.7,108,3.5,57,3.6,58,1614,eukaryota,0,0,FALSE
GCA_030704535.1,93.6,1511,86.3,1393,7.3,118,1.3,21,5.1,82,1614,eukaryota,0,0,FALSE
GCA_030737835.1,86.8,1401,79.8,1288,7,113,6.6,107,6.6,106,1614,eukaryota,0,0,FALSE
GCA_030737845.1,89.5,1445,39.3,635,50.2,810,5.7,92,4.8,77,1614,eukaryota,0,0,FALSE
GCA_030848705.1,96.8,1563,89,1437,7.8,126,1.1,18,2,33,1614,eukaryota,0,0,FALSE
GCA_030867185.1,87.2,1407,80.5,1299,6.7,108,0.7,12,12.1,195,1614,eukaryota,0,0,FALSE
GCA_030979865.1,91.4,1475,82.9,1338,8.5,137,1.7,28,6.9,111,1614,eukaryota,0,0,FALSE
GCA_030979885.1,83.2,1343,70.6,1140,12.6,203,2,32,14.8,239,1614,eukaryota,0,0,FALSE
GCA_031230405.1,86.6,1397,84.2,1359,2.4,38,9.6,155,3.8,62,1614,eukaryota,0,0,FALSE
GCA_032173615.1,99.8,1610,5.1,82,94.7,1528,0.1,2,0.1,2,1614,eukaryota,0,0,FALSE
GCA_032690845.1,93.6,1511,17.2,278,76.4,1233,2.2,35,4.2,68,1614,eukaryota,0,0,FALSE
GCA_032871835.1,97.1,1568,95,1534,2.1,34,1.5,25,1.3,21,1614,eukaryota,0,0,FALSE
GCA_033065855.1,87.5,1413,80.1,1293,7.4,120,8.5,137,4,64,1614,eukaryota,0,0,FALSE
GCA_033070095.1,89.5,1445,39,629,50.6,816,5.6,90,4.9,79,1614,eukaryota,0,0,FALSE
GCA_033220585.1,91.2,1472,88.5,1429,2.7,43,5.2,84,3.6,58,1614,eukaryota,0,0,FALSE
GCA_033239525.1,94.4,1524,92.1,1487,2.3,37,2.7,43,2.9,47,1614,eukaryota,0,0,FALSE
GCA_033242285.1,90,1452,85.9,1386,4.1,66,6.9,111,3.2,51,1614,eukaryota,0,0,FALSE
GCA_034222035.1,98.3,1586,76.5,1235,21.7,351,0.6,10,1.1,18,1614,eukaryota,0,0,FALSE
GCA_034359265.1,93.6,1510,89,1436,4.6,74,3.4,55,3,49,1614,eukaryota,0,0,FALSE
GCA_034509725.1,73.2,1182,70.5,1138,2.7,44,13.6,219,13.2,213,1614,eukaryota,0,0,FALSE
GCA_034509735.1,93.5,1509,90.2,1456,3.3,53,1.9,31,4.6,74,1614,eukaryota,0,0,FALSE
GCA_034509755.1,98.8,1595,69.2,1117,29.6,478,0.6,9,0.6,10,1614,eukaryota,0,0,FALSE
GCA_034814905.1,49.9,806,41.8,674,8.2,132,3.3,54,46.7,754,1614,eukaryota,0,0,FALSE
GCA_035136125.1,98.1,1584,54.2,875,43.9,709,0.9,14,1,16,1614,eukaryota,0,0,FALSE
GCA_035578085.1,97.8,1579,94.2,1520,3.7,59,0.6,10,1.5,25,1614,eukaryota,0,0,FALSE
GCA_035582445.1,94.6,1527,82.5,1331,12.1,196,2.1,34,3.3,53,1614,eukaryota,0,0,FALSE
GCA_035582545.1,92.8,1497,80.9,1305,11.9,192,4.1,66,3.2,51,1614,eukaryota,0,0,FALSE
GCA_035582765.1,91.9,1484,88.7,1431,3.3,53,1.5,24,6.6,106,1614,eukaryota,0,0,FALSE
GCA_035896635.1,89.3,1442,84.1,1358,5.2,84,6.9,111,3.8,61,1614,eukaryota,0,0,FALSE
GCA_036250425.1,94.1,1519,23.5,380,70.6,1139,3.8,61,2.1,34,1614,eukaryota,0,0,FALSE
GCA_036320975.1,95.4,1539,89,1437,6.3,102,2.5,41,2.1,34,1614,eukaryota,0,0,FALSE
GCA_036689595.1,91.9,1484,74.5,1202,17.5,282,2.4,39,5.6,91,1614,eukaryota,0,0,FALSE
GCA_036851095.1,91.3,1473,90.2,1456,1.1,17,3.8,61,5,80,1614,eukaryota,0,0,FALSE
GCA_036851125.1,95.5,1541,94.5,1526,0.9,15,2.7,44,1.8,29,1614,eukaryota,0,0,FALSE
GCA_036851155.1,95,1533,93.6,1510,1.4,23,2.8,45,2.2,36,1614,eukaryota,0,0,FALSE
GCA_036885675.1,79.5,1283,76.8,1239,2.7,44,10.1,163,10.4,168,1614,eukaryota,0,0,FALSE
GCA_037074985.1,88.2,1423,86.3,1393,1.9,30,2.8,45,9,146,1614,eukaryota,0,0,FALSE
GCA_037126225.1,93.9,1516,70,1129,24,387,2.8,45,3.3,53,1614,eukaryota,0,0,FALSE
GCA_037833805.1,87.4,1410,77.2,1246,10.2,164,1.1,17,11.6,187,1614,eukaryota,0,0,FALSE
GCA_037833965.1,87.4,1410,77.1,1244,10.3,166,1.1,17,11.6,187,1614,eukaryota,0,0,FALSE
GCA_037953625.1,79.5,1283,74.5,1202,5,81,1.4,22,19.1,309,1614,eukaryota,0,0,FALSE
GCA_037954015.1,80,1292,77.1,1245,2.9,47,0.7,12,19.2,310,1614,eukaryota,0,0,FALSE
GCA_037954025.1,93.9,1516,90.8,1465,3.2,51,0.4,7,5.6,91,1614,eukaryota,0,0,FALSE
GCA_037954105.1,81.7,1319,78.7,1271,3,48,0.9,15,17.3,280,1614,eukaryota,0,0,FALSE
GCA_037962975.1,83.6,1349,79.9,1290,3.7,59,0.7,12,15.7,253,1614,eukaryota,0,0,FALSE
GCA_038405125.1,99.4,1604,4.9,79,94.5,1525,0.4,7,0.2,3,1614,eukaryota,0,0,FALSE
GCA_038485115.1,88.5,1429,43.2,698,45.3,731,1.8,29,9.7,156,1614,eukaryota,0,0,FALSE
GCA_038485135.2,92,1485,38.6,623,53.4,862,1.4,22,6.6,107,1614,eukaryota,0,0,FALSE
GCA_038485145.1,99.2,1601,5.9,95,93.3,1506,0.4,7,0.4,6,1614,eukaryota,0,0,FALSE
GCA_038677285.1,99.2,1601,8.4,136,90.8,1465,0.1,1,0.7,12,1614,eukaryota,0,0,FALSE
GCA_039105155.1,87.4,1411,77.3,1247,10.2,164,1.1,17,11.5,186,1614,eukaryota,0,0,FALSE
GCA_039513925.1,79.5,1283,73.9,1193,5.6,90,6.4,104,14.1,227,1614,eukaryota,0,0,FALSE
GCA_039583875.1,58.1,938,55.6,898,2.5,40,11.1,179,30.8,497,1614,eukaryota,0,0,FALSE
GCA_039602395.1,95.5,1541,76.8,1239,18.7,302,0.6,10,3.9,63,1614,eukaryota,0,0,FALSE
GCA_039657325.1,96,1549,93,1501,3,48,1.8,29,2.2,36,1614,eukaryota,0,0,FALSE
GCA_039657345.1,96.7,1561,93.6,1511,3.1,50,0.9,15,2.4,38,1614,eukaryota,0,0,FALSE
GCA_039657365.1,96,1549,92.7,1496,3.3,53,1.2,20,2.8,45,1614,eukaryota,0,0,FALSE
GCA_039657385.1,94.7,1528,93,1501,1.7,27,2.1,34,3.2,52,1614,eukaryota,0,0,FALSE
GCA_039657395.1,94.5,1525,92.6,1495,1.9,30,2.4,38,3.2,51,1614,eukaryota,0,0,FALSE
GCA_039720395.1,83.1,1342,72.4,1168,10.8,174,11.4,184,5.5,88,1614,eukaryota,0,0,FALSE
GCA_040167595.1,98.9,1597,61,984,38,613,0.4,6,0.7,11,1614,eukaryota,0,0,FALSE
GCA_040182985.1,96,1549,92.1,1486,3.9,63,2.1,34,1.9,31,1614,eukaryota,0,0,FALSE
GCA_040183295.1,92.5,1493,80,1291,12.5,202,3.6,58,3.9,63,1614,eukaryota,0,0,FALSE
GCA_040256815.2,99.1,1599,1.9,30,97.2,1569,0.2,4,0.7,11,1614,eukaryota,0,0,FALSE
GCA_040285695.1,70.6,1140,68.2,1100,2.5,40,14.3,230,15.1,244,1614,eukaryota,0,0,FALSE
GCA_040285715.1,73.1,1180,70.4,1136,2.7,44,12.8,207,14.1,227,1614,eukaryota,0,0,FALSE
GCA_040286105.1,75,1211,72.3,1167,2.7,44,13.1,211,11.9,192,1614,eukaryota,0,0,FALSE
GCA_040286145.1,83.6,1349,46,743,37.5,606,9.9,160,6.5,105,1614,eukaryota,0,0,FALSE
GCA_040372305.1,87.5,1412,83.4,1346,4.1,66,4.6,75,7.9,127,1614,eukaryota,0,0,FALSE
GCA_040436765.1,91.3,1473,90.3,1457,1,16,3.3,53,5.5,88,1614,eukaryota,0,0,FALSE
GCA_040550855.1,99.6,1607,8.4,136,91.1,1471,0.1,1,0.4,6,1614,eukaryota,0,0,FALSE
GCA_040584065.1,99.6,1608,7.8,126,91.8,1482,0.1,1,0.3,5,1614,eukaryota,0,0,FALSE
GCA_040670175.1,91.5,1477,86.7,1399,4.8,78,2.3,37,6.2,100,1614,eukaryota,0,0,FALSE
GCA_040938325.1,99.3,1603,5.9,95,93.4,1508,0.5,8,0.2,3,1614,eukaryota,0,0,FALSE
GCA_040955855.1,95.5,1541,59.3,957,36.2,584,0.7,11,3.8,62,1614,eukaryota,0,0,FALSE
GCA_041154535.1,97.3,1571,52.5,848,44.8,723,1.6,26,1.1,17,1614,eukaryota,0,0,FALSE
GCA_041154625.1,97.8,1578,77.9,1258,19.8,320,0.4,7,1.8,29,1614,eukaryota,0,0,FALSE
GCA_041381175.1,98.5,1590,72.9,1177,25.6,413,0.6,9,0.9,15,1614,eukaryota,0,0,FALSE
GCA_041383265.1,99.3,1602,4,65,95.2,1537,0.3,5,0.4,7,1614,eukaryota,0,0,FALSE
GCA_042100155.1,96.4,1556,92.3,1489,4.2,67,0.6,10,3,48,1614,eukaryota,0,0,FALSE
GCA_043165305.1,98.6,1592,95.5,1541,3.2,51,0.5,8,0.9,14,1614,eukaryota,0,0,FALSE
GCA_043235775.1,89.3,1441,68.9,1112,20.4,329,4.1,66,6.6,107,1614,eukaryota,0,0,FALSE
GCA_043237855.1,92.6,1495,33,532,59.7,963,3.6,58,3.8,61,1614,eukaryota,0,0,FALSE
GCA_043381025.1,99.9,1612,27.3,440,72.6,1172,0,0,0.1,2,1614,eukaryota,0,0,FALSE
GCA_043381455.1,83.3,1344,79.9,1290,3.3,54,3,48,13.8,222,1614,eukaryota,0,0,FALSE
GCA_044505025.1,72.2,1165,59.4,959,12.8,206,12.8,206,15.1,243,1614,eukaryota,0,0,FALSE
GCA_044510105.1,99.8,1610,23.4,377,76.4,1233,0.1,1,0.2,3,1614,eukaryota,0,0,FALSE
GCA_045791845.1,95.7,1544,7.8,126,87.9,1418,0.7,12,3.6,58,1614,eukaryota,0,0,FALSE
GCA_900059795.1,93.9,1516,92.3,1490,1.6,26,3.9,63,2.2,35,1614,eukaryota,0,0,FALSE
GCA_900231445.1,96.5,1557,7.8,126,88.7,1431,0.8,13,2.7,44,1614,eukaryota,0,0,FALSE
GCA_900332095.2,81.7,1318,24,387,57.7,931,7.1,114,11.3,182,1614,eukaryota,0,0,FALSE
GCA_900411305.1,17.4,281,16.6,268,0.8,13,1.1,18,81.5,1315,1614,eukaryota,0,0,FALSE
GCA_900412535.3,97.5,1573,83.1,1341,14.4,232,1,16,1.5,25,1614,eukaryota,0,0,FALSE
GCA_902201215.1,97.1,1567,75.2,1213,21.9,354,0.4,7,2.5,40,1614,eukaryota,0,0,FALSE
GCA_902206195.3,96.8,1562,95,1533,1.8,29,1.4,23,1.8,29,1614,eukaryota,0,0,FALSE
GCA_902651935.1,99.6,1607,98.3,1586,1.3,21,0.1,2,0.3,5,1614,eukaryota,0,0,FALSE
GCA_902703425.1,86.5,1396,84.3,1361,2.2,35,5,81,8.5,137,1614,eukaryota,0,0,FALSE
GCA_902705455.1,99.6,1607,98,1581,1.6,26,0.1,2,0.3,5,1614,eukaryota,0,0,FALSE
GCA_902706635.1,90.7,1464,84.8,1369,5.9,95,4.5,72,4.8,78,1614,eukaryota,0,0,FALSE
GCA_902713445.1,97.1,1567,47.1,761,49.9,806,1.2,20,1.7,27,1614,eukaryota,0,0,FALSE
GCA_902728155.2,98.5,1590,90,1453,8.5,137,0.6,10,0.9,14,1614,eukaryota,0,0,FALSE
GCA_902729315.2,95.4,1540,93.2,1505,2.2,35,2,32,2.6,42,1614,eukaryota,0,0,FALSE
GCA_903112645.1,93.4,1508,91,1469,2.4,39,2.5,40,4.1,66,1614,eukaryota,0,0,FALSE
GCA_903114435.1,94.4,1524,91.6,1478,2.9,46,2.2,35,3.4,55,1614,eukaryota,0,0,FALSE
GCA_904420315.1,91.3,1473,83.5,1348,7.7,125,1.6,26,7.1,115,1614,eukaryota,0,0,FALSE
GCA_904845875.1,97.2,1569,26.8,432,70.4,1137,1.4,22,1.4,23,1614,eukaryota,0,0,FALSE
GCA_905183035.1,98.1,1583,6.1,99,91.9,1484,0.5,8,1.4,23,1614,eukaryota,0,0,FALSE
GCA_905216605.1,95.5,1541,90.1,1455,5.3,86,0.9,15,3.6,58,1614,eukaryota,0,0,FALSE
GCA_911865555.2,87.3,1409,83.8,1352,3.5,57,2.5,41,10.2,164,1614,eukaryota,0,0,FALSE
GCA_912172775.2,82.4,1330,70.3,1135,12.1,195,2.4,39,15.2,245,1614,eukaryota,0,0,FALSE
GCA_928212115.1,91.9,1484,82.2,1326,9.8,158,2.1,34,5.9,96,1614,eukaryota,0,0,FALSE
GCA_932364175.1,98,1581,81.8,1321,16.1,260,0.9,15,1.1,18,1614,eukaryota,0,0,FALSE
GCA_944990045.1,96.2,1553,94.2,1521,2,32,1.2,19,2.6,42,1614,eukaryota,0,0,FALSE
GCA_945859875.1,87.9,1418,70.1,1132,17.7,286,2.5,40,9.7,156,1614,eukaryota,0,0,FALSE
GCA_945859915.1,90.8,1466,5.4,87,85.4,1379,0.8,13,8.4,135,1614,eukaryota,0,0,FALSE
GCA_946122785.1,96,1550,24.4,394,71.6,1156,1.3,21,2.7,43,1614,eukaryota,0,0,FALSE
GCA_947470075.1,45.1,728,23.7,382,21.4,346,9,146,45.8,740,1614,eukaryota,0,0,FALSE
GCA_947471745.1,49.9,806,15.1,243,34.9,563,8.1,130,42,678,1614,eukaryota,0,0,FALSE
GCA_948144035.1,44.2,713,30.2,487,14,226,9,145,46.8,756,1614,eukaryota,0,0,FALSE
GCA_948144175.1,45,726,24.5,395,20.5,331,8.7,141,46.3,747,1614,eukaryota,0,0,FALSE
GCA_948472305.1,96.1,1551,82,1323,14.1,228,2.4,38,1.5,25,1614,eukaryota,0,0,FALSE
GCA_949281255.1,35.9,579,27.5,444,8.4,135,10.4,168,53.7,867,1614,eukaryota,0,0,FALSE
GCA_949281275.1,36.8,594,29.9,482,6.9,112,10.9,176,52.3,844,1614,eukaryota,0,0,FALSE
GCA_949352195.3,99.9,1612,63.9,1032,35.9,580,0,0,0.1,2,1614,eukaryota,0,0,FALSE
GCA_949775105.1,94.1,1518,74.9,1209,19.1,309,1.2,19,4.8,77,1614,eukaryota,0,0,FALSE
GCA_949927565.1,89.9,1451,81.6,1317,8.3,134,2.2,36,7.9,127,1614,eukaryota,0,0,FALSE
GCA_963425845.1,90,1453,86.9,1403,3.1,50,5.3,86,4.6,75,1614,eukaryota,0,0,FALSE
GCA_963454935.2,75.2,1213,52,840,23.1,373,16.4,264,8.5,137,1614,eukaryota,0,0,FALSE
GCA_963859935.3,95.7,1545,80.5,1299,15.2,246,0.7,12,3.5,57,1614,eukaryota,0,0,FALSE
GCA_963924115.1,88.3,1425,86.9,1403,1.4,22,5.9,95,5.8,94,1614,eukaryota,0,0,FALSE
GCA_963931745.2,96.1,1551,85.8,1385,10.3,166,1.3,21,2.6,42,1614,eukaryota,0,0,FALSE
GCA_963931755.2,95.5,1542,86.7,1400,8.8,142,1.5,25,2.9,47,1614,eukaryota,0,0,FALSE
GCA_963931765.2,95.5,1542,85.4,1378,10.2,164,2,33,2.4,39,1614,eukaryota,0,0,FALSE
GCA_963970345.1,87.7,1415,76.2,1230,11.5,185,2.1,34,10.2,165,1614,eukaryota,0,0,FALSE
GCA_963970355.1,88.3,1425,77.8,1255,10.5,170,1.8,29,9.9,160,1614,eukaryota,0,0,FALSE
GCA_963971075.1,88.2,1424,73.3,1183,14.9,241,1.9,31,9.9,159,1614,eukaryota,0,0,FALSE
GCA_963978565.1,95.2,1537,93.9,1516,1.3,21,1.5,24,3.3,53,1614,eukaryota,0,0,FALSE
GCA_964014455.1,87.5,1412,73.2,1182,14.3,230,2,32,10.5,170,1614,eukaryota,0,0,FALSE
GCA_964019355.1,98.8,1595,84.4,1362,14.4,233,0.5,8,0.7,11,1614,eukaryota,0,0,FALSE
GCA_964030455.1,97,1566,65.5,1057,31.5,509,1.2,20,1.7,28,1614,eukaryota,0,0,FALSE
GCA_964030465.3,99.4,1604,0.3,5,99.1,1599,0.1,2,0.5,8,1614,eukaryota,0,0,FALSE
GCA_964186695.1,99.2,1601,88.4,1426,10.8,175,0.1,2,0.7,11,1614,eukaryota,0,0,FALSE
GCA_964259005.1,97.2,1569,75.7,1221,21.6,348,1.5,25,1.2,20,1614,eukaryota,0,0,FALSE
GCA_964267205.1,96.9,1564,93.6,1510,3.3,54,0.5,8,2.6,42,1614,eukaryota,0,0,FALSE
GCA_964270275.1,95.9,1548,90.8,1466,5.1,82,1.5,25,2.5,41,1614,eukaryota,0,0,FALSE
GCA_964270295.1,89.8,1450,85.4,1379,4.4,71,4,65,6.1,99,1614,eukaryota,0,0,FALSE
GCA_964270305.1,97.6,1575,92.4,1492,5.1,83,0.6,10,1.8,29,1614,eukaryota,0,0,FALSE
GCA_964270695.1,97.2,1569,91.6,1478,5.6,91,0.9,15,1.9,30,1614,eukaryota,0,0,FALSE
GCA_964270995.1,97.3,1571,91.6,1479,5.7,92,0.7,11,2,32,1614,eukaryota,0,0,FALSE
GCA_964271285.1,97.2,1569,94.4,1524,2.8,45,0.7,11,2.1,34,1614,eukaryota,0,0,FALSE
GCA_964340505.1,98.9,1596,63,1017,35.9,579,0,0,1.1,18,1614,eukaryota,0,0,FALSE
